BBA;PMC;LA;[]
BBA;SCL;LA;[]
SCQ;BIO;IB;[]
SCQ;LPA;IB;[]
SCQ;MAD;IB;[]
SCQ;PMI;IB;[]
SCQ;TCI;IB;[]
YOW;PHL;AA;[]
JRO;DOH;QR;[]
HNL;DFW;AA;[]
HNL;OSA;JL;[]
HNL;LAX;AA;[]
HNL;LON;AA;[]
HNL;NGO;JL;[]
HNL;TYO;JL;[]
HNL;PHX;AA;[]
HNL;SYD;QF;[]
SCY;GYE;XL;[]
SCY;UIO;XL;[]
WLG;MEL;QF;[]
WLG;SYD;QF;[]
DFW;ABI;AA;[]
DFW;ABQ;AA;[]
DFW;ACT;AA;[]
DFW;AEX;AA;[]
DFW;AGU;AA;[]
DFW;AMA;AA;[]
DFW;AMS;AA;[]
DFW;ANC;AA;[]
DFW;ASE;AA;[]
DFW;ATL;AA;[]
DFW;AUS;AA;[]
DFW;HFD;AA;[]
DFW;BHM;AA;[]
DFW;BIL;AA;[]
DFW;BIS;AA;[]
DFW;BJX;AA;[]
DFW;BMI;AA;[]
DFW;BNA;AA;[]
DFW;BOG;AA;[]
DFW;BOI;AA;[]
DFW;BOS;AA;[]
DFW;BPT;AA;[]
DFW;BRO;AA;[]
DFW;BTR;AA;[]
DFW;BUF;AA;[]
DFW;BWI;AA;[]
DFW;BZE;AA;[]
DFW;BZN;AA;[]
DFW;CAE;AA;[]
DFW;PAR;AA;[]
DFW;CHA;AA;[]
DFW;CHS;AA;[]
DFW;CID;AA;[]
DFW;CLE;AA;[]
DFW;CLL;AA;[]
DFW;CLT;AA;[]
DFW;CMH;AA;[]
DFW;CMI;AA;[]
DFW;COS;AA;[]
DFW;COU;AA;[]
DFW;CRP;AA;[]
DFW;CUN;AA;[]
DFW;CUU;AA;[]
DFW;CVG;AA;[]
DFW;CZM;AA;[]
DFW;DAY;AA;[]
DFW;WAS;AA;[]
DFW;DEN;AA;[]
DFW;DOH;QR;[]
DFW;DRO;AA;[]
DFW;DSM;AA;[]
DFW;DTT;AA;[]
DFW;EGE;AA;[]
DFW;ELP;AA;[]
DFW;EVV;AA;[]
DFW;NYC;AA;[]
DFW;BUE;AA;[]
DFW;FAR;AA;[]
DFW;FAT;AA;[]
DFW;ROM;AA;[]
DFW;FLL;AA;[]
DFW;FRA;AA;[]
DFW;FSD;AA;[]
DFW;FSM;AA;[]
DFW;FWA;AA;[]
DFW;GCK;AA;[]
DFW;GCM;AA;[]
DFW;GDL;AA;[]
DFW;GEG;AA;[]
DFW;GGG;AA;[]
DFW;RIO;AA;[]
DFW;GJT;AA;[]
DFW;GPT;AA;[]
DFW;GRI;AA;[]
DFW;ILE;AA;[]
DFW;GRR;AA;[]
DFW;SAO;AA;[]
DFW;GSO;AA;[]
DFW;GSP;AA;[]
DFW;GUA;AA;[]
DFW;GUC;AA;[]
DFW;HDN;AA;[]
DFW;HKG;AA;[]
DFW;HNL;AA;[]
DFW;HOU;AA;[]
DFW;HSV;AA;[]
DFW;SEL;AA;[]
DFW;ICT;AA;[]
DFW;ILM;AA;[]
DFW;IND;AA;[]
DFW;JAC;AA;[]
DFW;JAN;AA;[]
DFW;JAX;AA;[]
DFW;JLN;AA;[]
DFW;KOA;AA;[]
DFW;LAS;AA;[]
DFW;LAW;AA;[]
DFW;LAX;AA;[]
DFW;LBB;AA;[]
DFW;LCH;AA;[]
DFW;LEX;AA;[]
DFW;LFT;AA;[]
DFW;LON;-;[]
DFW;LIH;AA;[]
DFW;LIM;AA;[]
DFW;LIR;AA;[]
DFW;LIT;AA;[]
DFW;LRD;AA;[]
DFW;MAD;AA;[]
DFW;MAF;AA;[]
DFW;MBJ;AA;[]
DFW;MKC;AA;[]
DFW;ORL;AA;[]
DFW;MEI;AA;[]
DFW;MEM;AA;[]
DFW;MEX;AA;[]
DFW;MFE;AA;[]
DFW;MGA;AA;[]
DFW;MGM;AA;[]
DFW;MHK;AA;[]
DFW;MIA;AA;[]
DFW;MKE;AA;[]
DFW;MLI;AA;[]
DFW;MLM;AA;[]
DFW;MLU;AA;[]
DFW;MOB;AA;[]
DFW;MSN;AA;[]
DFW;MSP;AA;[]
DFW;MSY;AA;[]
DFW;MTJ;AA;[]
DFW;MTY;AA;[]
DFW;MIL;AA;[]
DFW;MYR;AA;[]
DFW;MZT;AA;[]
DFW;NAS;AA;[]
DFW;TYO;-;[]
DFW;OGG;AA;[]
DFW;OKC;AA;[]
DFW;OMA;AA;[]
DFW;ONT;AA;[]
DFW;CHI;AA;[]
DFW;ORF;AA;[]
DFW;PBC;AA;[]
DFW;PBI;AA;[]
DFW;PDX;AA;[]
DFW;BJS;AA;[]
DFW;PHL;AA;[]
DFW;PHX;AA;[]
DFW;PIA;AA;[]
DFW;LUL;AA;[]
DFW;PIT;AA;[]
DFW;PLS;AA;[]
DFW;PNS;AA;[]
DFW;PSP;AA;[]
DFW;PUJ;AA;[]
DFW;SHA;AA;[]
DFW;PVR;AA;[]
DFW;QRO;AA;[]
DFW;RAP;AA;[]
DFW;RDU;AA;[]
DFW;RIC;AA;[]
DFW;RNO;AA;[]
DFW;ROW;AA;[]
DFW;FMY;AA;[]
DFW;RTB;AA;[]
DFW;SAF;AA;[]
DFW;SAL;AA;[]
DFW;SAN;AA;[]
DFW;SAT;AA;[]
DFW;SAV;AA;[]
DFW;SBA;AA;[]
DFW;SCL;AA;[]
DFW;SDF;AA;[]
DFW;SEA;AA;[]
DFW;SFO;AA;[]
DFW;SGF;AA;[]
DFW;SHV;AA;[]
DFW;SJC;AA;[]
DFW;SJD;AA;[]
DFW;SJO;AA;[]
DFW;SJT;AA;[]
DFW;SJU;AA;[]
DFW;SLC;AA;[]
DFW;SLP;AA;[]
DFW;SAC;AA;[]
DFW;SNA;AA;[]
DFW;SPI;AA;[]
DFW;SPS;AA;[]
DFW;STL;AA;[]
DFW;SUX;AA;[]
DFW;SWO;AA;[]
DFW;SYD;QF;[]
DFW;TLH;AA;[]
DFW;TPA;AA;[]
DFW;TRC;AA;[]
DFW;TUL;AA;[]
DFW;TUS;AA;[]
DFW;TXK;AA;[]
DFW;TYR;AA;[]
DFW;TYS;AA;[]
DFW;UIO;AA;[]
DFW;VPS;AA;[]
DFW;FYV;AA;[]
DFW;YMQ;AA;[]
DFW;YVR;AA;[]
DFW;YYC;AA;[]
DFW;YTO;AA;[]
DFW;ZCL;AA;[]
DFW;ZIH;AA;[]
SDF;ABE;AA;[]
SDF;CLT;AA;[]
SDF;WAS;AA;[]
SDF;DFW;AA;[]
SDF;NYC;AA;[]
SDF;MIA;AA;[]
SDF;CHI;AA;[]
SDF;PHL;AA;[]
SDF;PNS;AA;[]
SDF;SAV;AA;[]
SDF;VPS;AA;[]
SDJ;SPK;JL;[]
SDJ;FUK;JL;[]
SDJ;OSA;JL;[]
SDK;BKI;MH;[]
SDK;KUL;MH;[]
FKB;PMI;HG;[]
FKB;BER;AB;[]
SDR;LIS;IB;[]
SDR;MAD;IB;[]
HOG;MIA;AA;[]
JSI;HEL;AY;[]
JSI;LON;BA;[]
SDQ;MAD;IB;[]
SDQ;MIA;AA;[]
SDQ;PHL;AA;[]
BCI;LRE;QF;[]
YQB;PHL;AA;[]
BCN;AMM;RJ;[]
BCN;BJZ;IB;[]
BCN;CLT;AA;[]
BCN;MOW;S7;[]
BCN;DOH;QR;[]
BCN;DUS;AB;[]
BCN;BUE;IB;[]
BCN;SAO;JJ;[]
BCN;HEL;AY;[]
BCN;HKG;CX;[]
BCN;NYC;AA;[]
BCN;LAX;IB;[]
BCN;LEN;IB;[]
BCN;LON;BA;[]
BCN;LIM;LA;[]
BCN;MAD;IB;[]
BCN;MIA;AA;[]
BCN;OAK;IB;[]
BCN;CHI;AA;[]
BCN;PHL;AA;[]
BCN;PUJ;IB;[]
BCN;SCQ;IB;[]
BCN;SFO;AA;[]
BCN;VLC;IB;[]
SEA;PAR;AA;[]
SEA;CLT;AA;[]
SEA;DFW;AA;[]
SEA;DUB;AA;[]
SEA;NYC;AA;[]
SEA;LAX;AA;[]
SEA;LON;-;[]
SEA;MIA;AA;[]
SEA;CHI;AA;[]
SEA;PHL;AA;[]
SEA;PHX;AA;[]
SEA;STL;AA;[]
SEA;TUL;AA;[]
HOU;DFW;AA;[]
HOU;AUA;AA;[]
HOU;HFD;AA;[]
HOU;PAR;AA;[]
HOU;CLE;AA;[]
HOU;CLT;AA;[]
HOU;WAS;AA;[]
HOU;DOH;QR;[]
HOU;NYC;AA;[]
HOU;FLL;AA;[]
HOU;IND;AA;[]
HOU;JAX;AA;[]
HOU;LAS;AA;[]
HOU;LAX;AA;[]
HOU;LON;BA;[]
HOU;MIA;AA;[]
HOU;CHI;AA;[]
HOU;PHL;AA;[]
HOU;PHX;AA;[]
HOU;PIT;AA;[]
HOU;RDU;AA;[]
HOU;RIC;AA;[]
HOU;RNO;AA;[]
HOU;SFO;AA;[]
HOU;SAC;AA;[]
HOU;SXM;AA;[]
HOU;TPA;AA;[]
HOU;TUS;AA;[]
JTC;BSB;JJ;[]
JTC;SAO;JJ;[]
JTC;JOI;JJ;[]
UIO;CUE;XL;[]
UIO;DFW;AA;[]
UIO;BUE;LA;[]
UIO;GPS;XL;[]
UIO;GYE;XL;[]
UIO;LIM;LA;[]
UIO;MAD;IB;[]
UIO;MIA;AA;[]
UIO;SCY;XL;[]
SEL;TYO;JL;[]
SEL;DFW;AA;[]
SEL;DOH;QR;[]
SEL;HEL;AY;[]
SEL;HKG;CX;[]
SEL;IKT;S7;[]
SEL;KUL;MH;[]
SEL;LON;BA;[]
SEL;OVB;S7;[]
SEL;TPE;CX;[]
SEL;VVO;S7;[]
UIP;LON;BA;[]
BDA;CLT;AA;[]
BDA;WAS;AA;[]
BDA;NYC;AA;[]
BDA;LON;BA;[]
BDA;MIA;AA;[]
BDA;MSY;AA;[]
BDA;PHL;AA;[]
BDB;BNE;QF;[]
FLL;HFD;AA;[]
FLL;BOS;AA;[]
FLL;BUF;AA;[]
FLL;BWI;AA;[]
FLL;CLT;AA;[]
FLL;DEN;AA;[]
FLL;DFW;AA;[]
FLL;NYC;AA;[]
FLL;LAS;AA;[]
FLL;LON;BA;[]
FLL;MSP;AA;[]
FLL;CHI;AA;[]
FLL;ORF;AA;[]
FLL;PAP;AA;[]
FLL;PDX;AA;[]
FLL;PHL;AA;[]
FLL;PHX;AA;[]
FLL;PIT;AA;[]
FLL;PVD;AA;[]
FLL;RDU;AA;[]
FLL;RIC;AA;[]
FLL;SAT;AA;[]
FLL;SFO;AA;[]
FLL;SYR;AA;[]
FLL;TUL;AA;[]
HPN;CLT;AA;[]
HPN;DAY;AA;[]
HPN;WAS;AA;[]
HPN;CHI;AA;[]
HPN;TYS;AA;[]
FLO;CLT;AA;[]
FLN;BSB;JJ;[]
FLN;SAO;JJ;[]
FLN;RIO;JJ;[]
FLN;IOS;JJ;[]
FLN;LDB;JJ;[]
FLN;MVD;JJ;[]
FLN;SCL;LA;[]
FLN;SJP;JJ;[]
JTR;HEL;AY;[]
JTR;LON;BA;[]
JTR;MAD;IB;[]
JTR;VIE;HG;[]
SEZ;CMB;UL;[]
SEZ;DOH;QR;[]
SEZ;LON;BA;[]
FLR;BHX;BA;[]
FLR;BRS;BA;[]
FLR;DUS;AB;[]
FLR;LON;BA;[]
FLR;MAD;IB;[]
BDS;LON;BA;[]
BDS;ZRH;HG;[]
LYH;CLT;AA;[]
SFO;ATH;AA;[]
SFO;ATL;AA;[]
SFO;BCN;AA;[]
SFO;BOS;AA;[]
SFO;PAR;AA;[]
SFO;CLT;AA;[]
SFO;DFW;AA;[]
SFO;DTT;AA;[]
SFO;DUB;AA;[]
SFO;DUS;AB;[]
SFO;BUE;AA;[]
SFO;FLL;AA;[]
SFO;FRA;AA;[]
SFO;HEL;AY;[]
SFO;HKG;CX;[]
SFO;TYO;JL;[]
SFO;HOU;AA;[]
SFO;NYC;AA;[]
SFO;LAX;AA;[]
SFO;LON;BA;[]
SFO;MKC;AA;[]
SFO;ORL;AA;[]
SFO;MEX;AA;[]
SFO;MIA;AA;[]
SFO;CHI;AA;[]
SFO;PBI;AA;[]
SFO;PHL;AA;[]
SFO;PHX;AA;[]
SFO;SYD;QF;[]
JUL;CUZ;LA;[]
JUL;LIM;LA;[]
LYP;DOH;QR;[]
WNZ;HKG;KA;[]
BEG;DOH;QR;[]
LYS;LON;BA;[]
LYS;LED;S7;[]
LYS;MAD;IB;[]
BEL;BSB;JJ;[]
BEL;FOR;JJ;[]
BEL;RIO;JJ;[]
BEL;SAO;JJ;[]
BEL;MAO;JJ;[]
BEL;MCP;JJ;[]
BEL;MIA;JJ;[]
FMO;PMI;HG;[]
BER;ACE;HG;[]
BER;AGP;HG;[]
BER;AMM;RJ;[]
BER;STO;AB;[]
BER;AUH;AB;[]
BER;BUD;AB;[]
BER;PAR;AB;[]
BER;CFU;HG;[]
BER;CGN;AB;[]
BER;CPH;AB;[]
BER;CTA;AB;[]
BER;DBV;HG;[]
BER;MOW;S7;[]
BER;DOH;QR;[]
BER;DUS;AB;[]
BER;FAO;HG;[]
BER;ROM;AB;[]
BER;FKB;AB;[]
BER;FNC;HG;[]
BER;FRA;AB;[]
BER;FUE;HG;[]
BER;GDN;AB;[]
BER;GOT;AB;[]
BER;HEL;-;[]
BER;HER;HG;[]
BER;HRG;AB;[]
BER;IBZ;HG;[]
BER;INN;HG;[]
BER;NYC;AB;[]
BER;REK;AB;[]
BER;KGS;HG;[]
BER;KRK;AB;[]
BER;LON;BA;[]
BER;LED;S7;[]
BER;MIL;AB;[]
BER;LPA;HG;[]
BER;MAD;IB;[]
BER;MIA;AB;[]
BER;MUC;AB;[]
BER;NAP;AB;[]
BER;NUE;AB;[]
BER;OLB;AB;[]
BER;CHI;AB;[]
BER;PMI;HG;[]
BER;PRG;AB;[]
BER;RHO;HG;[]
BER;SCN;AB;[]
BER;SPC;HG;[]
BER;STR;AB;[]
BER;SZG;AB;[]
BER;TCI;HG;[]
BER;TLV;AB;[]
BER;VIE;AB;[]
BER;VRA;AB;[]
BER;WAW;AB;[]
BER;ZRH;AB;[]
SGC;OVB;S7;[]
FMY;BNA;AA;[]
FMY;BOS;AA;[]
FMY;BWI;AA;[]
FMY;CLT;AA;[]
FMY;WAS;AA;[]
FMY;DFW;AA;[]
FMY;DTT;AA;[]
FMY;DUS;AB;[]
FMY;HOU;AA;[]
FMY;NYC;AA;[]
FMY;MIA;AA;[]
FMY;MSP;AA;[]
FMY;CHI;AA;[]
FMY;PHL;AA;[]
FMY;PHX;AA;[]
FMY;SEA;AA;[]
FMY;SLC;AA;[]
FMY;SNA;AA;[]
FMY;SYR;AA;[]
SGF;CLT;AA;[]
SGF;DFW;AA;[]
SGF;CHI;AA;[]
UKK;MOW;S7;[]
UKK;OVB;S7;[]
BEY;AMM;RJ;[]
BEY;DOH;QR;[]
BEY;LON;BA;[]
FNC;DUS;HG;[]
FNC;HAM;HG;[]
FNC;HEL;AY;[]
FNC;LON;BA;[]
FNC;MAD;IB;[]
FNC;MUC;HG;[]
FNC;BER;HG;[]
FNC;VIE;HG;[]
HRE;JNB;BA;[]
SGN;DOH;QR;[]
SGN;HEL;AY;[]
SGN;HKG;CX;[]
SGN;TYO;JL;[]
SGN;KUL;MH;[]
SGN;PNH;QR;[]
HRG;BER;AB;[]
SGU;PHX;AA;[]
BFL;GJT;AA;[]
BFL;PHX;AA;[]
FNT;CHI;AA;[]
SHA;AUS;AA;[]
SHA;BKI;MH;[]
SHA;CMB;UL;[]
SHA;DFW;AA;[]
SHA;DOH;QR;[]
SHA;HEL;AY;[]
SHA;HKG;-;[]
SHA;TYO;JL;[]
SHA;OSA;JL;[]
SHA;KUL;MH;[]
SHA;LAX;AA;[]
SHA;NYC;AA;[]
SHA;LON;BA;[]
SHA;MAD;IB;[]
SHA;ORL;AA;[]
SHA;NGO;JL;[]
SHA;CHI;AA;[]
SHA;OVB;S7;[]
SHA;SYD;QF;[]
SHA;VVO;S7;[]
BFS;LON;BA;[]
YTO;CLT;AA;[]
YTO;COS;AA;[]
YTO;WAS;AA;[]
YTO;DFW;AA;[]
YTO;DUS;AB;[]
YTO;HKG;CX;[]
YTO;NYC;AA;[]
YTO;LAX;AA;[]
YTO;LON;BA;[]
YTO;MIA;AA;[]
YTO;MSY;AA;[]
YTO;CHI;AA;[]
YTO;PHL;AA;[]
SHM;TYO;JL;[]
FOC;HKG;KA;[]
FOC;KUL;MH;[]
BGA;BOG;LA;[]
SHV;CLT;AA;[]
SHV;DFW;AA;[]
BGI;CLT;AA;[]
BGI;LON;BA;[]
BGI;MIA;AA;[]
FOR;BEL;JJ;[]
FOR;BSB;JJ;[]
FOR;BHZ;JJ;[]
FOR;CWB;JJ;[]
FOR;RIO;JJ;[]
FOR;SAO;JJ;[]
FOR;IMP;JJ;[]
FOR;MAO;JJ;[]
FOR;MIA;JJ;[]
FOR;NAT;JJ;[]
FOR;REC;JJ;[]
FOR;SLZ;JJ;[]
FOR;SSA;JJ;[]
FOR;THE;JJ;[]
DKR;MAD;IB;[]
HSV;CLT;AA;[]
HSV;WAS;AA;[]
HSV;DFW;AA;[]
HSV;CHI;AA;[]
HSV;TLH;AA;[]
SIA;HEL;AY;[]
SIA;HKG;KA;[]
BGO;STO;AY;[]
BGO;BLL;BA;[]
BGO;HEL;AY;[]
BGO;LON;BA;[]
BGR;WAS;AA;[]
BGR;NYC;AA;[]
BGR;PHL;AA;[]
BGR;TYS;AA;[]
UME;HEL;AY;[]
YUM;GCN;AA;[]
YUM;LBB;AA;[]
YUM;PHX;AA;[]
BGW;AMM;RJ;[]
BGW;DOH;QR;[]
HTA;MOW;S7;[]
HTA;OVB;S7;[]
OAK;BCN;IB;[]
OAK;CMH;AA;[]
OAK;DEN;AA;[]
OAK;LON;BA;[]
OAK;MSP;AA;[]
OAK;OMA;AA;[]
OAK;PHX;AA;[]
OAK;PIT;AA;[]
SIN;BKK;CX;[]
SIN;BNE;QF;[]
SIN;CMB;UL;[]
SIN;DOH;QR;[]
SIN;HEL;AY;[]
SIN;HKG;CX;[]
SIN;TYO;JL;[]
SIN;KCH;MH;[]
SIN;KUL;MH;[]
SIN;LON;-;[]
SIN;MEL;QF;[]
SIN;MYY;MH;[]
SIN;PER;QF;[]
SIN;SYD;-;[]
OAJ;CLT;AA;[]
OAJ;GNV;AA;[]
DLC;TYO;JL;[]
SIP;MOW;S7;[]
SIP;OVB;S7;[]
HTI;BNE;QF;[]
HTI;CNS;QF;[]
HTI;MEL;QF;[]
HTI;SYD;QF;[]
BHI;BUE;LA;[]
DLM;LON;BA;[]
FPO;CLT;AA;[]
FPO;MIA;AA;[]
BHM;CLT;AA;[]
BHM;WAS;AA;[]
BHM;DFW;AA;[]
BHM;MIA;AA;[]
BHM;CHI;AA;[]
BHM;PHL;AA;[]
HTS;CLT;AA;[]
SJD;CLT;AA;[]
SJD;DFW;AA;[]
SJD;LAX;AA;[]
SJD;CHI;AA;[]
SJD;PHX;AA;[]
SJD;SAN;AA;[]
SJC;ATL;AA;[]
SJC;CLT;AA;[]
SJC;WAS;AA;[]
SJC;DFW;AA;[]
SJC;HOU;AA;[]
SJC;IND;AA;[]
SJC;LAX;AA;[]
SJC;LON;BA;[]
SJC;MKC;AA;[]
SJC;MEM;AA;[]
SJC;MIA;AA;[]
SJC;MSP;AA;[]
SJC;OMA;AA;[]
SJC;CHI;AA;[]
SJC;PHL;AA;[]
SJC;PHX;AA;[]
SJC;SJD;AA;[]
SJJ;DOH;QR;[]
BHX;AGP;BA;[]
BHX;DOH;QR;[]
BHX;FLR;BA;[]
BHX;IBZ;BA;[]
BHX;MAD;IB;[]
BHX;PMI;BA;[]
YVR;AUS;AA;[]
YVR;BOS;AA;[]
YVR;DFW;AA;[]
YVR;HKG;CX;[]
YVR;NYC;CX;[]
YVR;LAX;AA;[]
YVR;LON;BA;[]
YVR;TYO;JL;[]
YVR;CHI;AA;[]
YVR;PHX;AA;[]
YVR;SAT;AA;[]
YVR;SYD;QF;[]
BHZ;BPS;JJ;[]
BHZ;BSB;JJ;[]
BHZ;SAO;JJ;[]
BHZ;FLN;JJ;[]
BHZ;FOR;JJ;[]
BHZ;RIO;JJ;[]
BHZ;IGU;JJ;[]
BHZ;JPA;JJ;[]
BHZ;MIA;AA;[]
BHZ;REC;JJ;[]
BHZ;SSA;JJ;[]
BHZ;VIX;JJ;[]
DMB;MOW;S7;[]
SJP;BSB;JJ;[]
SJP;CGB;JJ;[]
SJP;SAO;JJ;[]
SJP;CGR;JJ;[]
SJP;FLN;JJ;[]
SJP;RAO;JJ;[]
SJP;SSA;JJ;[]
SJO;CLT;AA;[]
SJO;DFW;AA;[]
SJO;LON;BA;[]
SJO;LIM;LA;[]
SJO;MAD;IB;[]
SJO;MIA;AA;[]
SJO;PHX;AA;[]
SJT;DFW;AA;[]
OBO;TYO;JL;[]
SJU;AUS;AA;[]
SJU;CLT;AA;[]
SJU;DFW;AA;[]
SJU;MAD;-;[]
SJU;MIA;AA;[]
SJU;CHI;AA;[]
SJU;PHL;AA;[]
BIL;DFW;AA;[]
DMM;AMM;RJ;[]
DMM;CMB;UL;[]
JYV;HEL;AY;[]
JYV;KOK;AY;[]
BIO;ALC;IB;[]
BIO;LON;BA;[]
BIO;MAD;IB;[]
BIO;MAH;IB;[]
BIO;SCQ;IB;[]
BIO;VGO;IB;[]
BIO;VLC;IB;[]
BIQ;HEL;AY;[]
BIQ;LON;BA;[]
BIQ;MAD;IB;[]
SKB;ANU;BA;[]
SKB;CLE;AA;[]
SKB;CLT;AA;[]
SKB;NYC;AA;[]
SKB;LON;BA;[]
SKB;MIA;AA;[]
BIS;DFW;AA;[]
BIS;CHI;AA;[]
SKG;LON;BA;[]
SKG;MUC;HG;[]
SKG;NUE;HG;[]
SKG;STR;HG;[]
FRA;AMM;RJ;[]
FRA;CLT;AA;[]
FRA;DFW;AA;[]
FRA;DOH;QR;[]
FRA;SAO;JJ;[]
FRA;HEL;AY;[]
FRA;HKG;CX;[]
FRA;LAS;AA;[]
FRA;LAX;AA;[]
FRA;LON;BA;[]
FRA;MAD;-;[]
FRA;TYO;JL;[]
FRA;OVB;S7;[]
FRA;PHL;AA;[]
FRA;PMI;HG;[]
FRA;SCL;LA;[]
FRA;SFO;AA;[]
FRA;SPC;HG;[]
FRA;BER;AB;[]
HVB;BNE;QF;[]
SKP;DOH;QR;[]
SKT;DOH;QR;[]
HVN;PHL;AA;[]
FRU;OVB;S7;[]
SLA;BUE;LA;[]
SLA;IQQ;LA;[]
SLA;LIM;LA;[]
SLA;SCL;LA;[]
BJS;CMB;UL;[]
BJS;DFW;AA;[]
BJS;DOH;QR;[]
BJS;HEL;AY;[]
BJS;HKG;-;[]
BJS;TYO;JL;[]
BJS;IKT;S7;[]
BJS;KJA;S7;[]
BJS;KUL;MH;[]
BJS;LAS;AA;[]
BJS;LAX;AA;[]
BJS;NYC;AA;[]
BJS;LON;BA;[]
BJS;MIA;AA;[]
BJS;CHI;AA;[]
BJS;OVB;S7;[]
BJS;SYD;QF;[]
BJS;UUD;S7;[]
BJS;VVO;S7;[]
SLC;ATL;AA;[]
SLC;AUS;AA;[]
SLC;BWI;AA;[]
SLC;CLT;AA;[]
SLC;DFW;AA;[]
SLC;NYC;AA;[]
SLC;FLL;AA;[]
SLC;LAX;AA;[]
SLC;LON;AA;[]
SLC;MKC;AA;[]
SLC;ORL;AA;[]
SLC;MIA;AA;[]
SLC;OMA;AA;[]
SLC;CHI;AA;[]
SLC;PHL;AA;[]
SLC;PHX;AA;[]
SLC;PVR;AA;[]
SLC;SAT;AA;[]
SLC;SJC;AA;[]
SLC;TPA;AA;[]
BJX;DFW;AA;[]
SLL;DOH;QR;[]
BJZ;BCN;IB;[]
BJZ;IBZ;IB;[]
BJZ;MAD;IB;[]
BJZ;TCI;IB;[]
FSD;DFW;AA;[]
FSD;CHI;AA;[]
FSD;PHX;AA;[]
SLP;DFW;AA;[]
DOH;ADA;QR;[]
DOH;ADD;QR;[]
DOH;ADL;QR;[]
DOH;AKL;QR;[]
DOH;ALG;QR;[]
DOH;AMD;QR;[]
DOH;AMM;-;[]
DOH;AMS;QR;[]
DOH;STO;QR;[]
DOH;ATH;QR;[]
DOH;ATL;QR;[]
DOH;ATQ;QR;[]
DOH;BCN;QR;[]
DOH;BEG;QR;[]
DOH;BEY;QR;[]
DOH;BGW;QR;[]
DOH;BHX;QR;[]
DOH;BKK;QR;[]
DOH;BLR;QR;[]
DOH;BOM;QR;[]
DOH;BOS;QR;[]
DOH;BRU;QR;[]
DOH;BSR;QR;[]
DOH;BUD;QR;[]
DOH;CAN;QR;[]
DOH;CBR;QR;[]
DOH;CCJ;QR;[]
DOH;CCU;QR;[]
DOH;PAR;QR;[]
DOH;JKT;QR;[]
DOH;CKG;QR;[]
DOH;CMB;-;[]
DOH;CAS;QR;[]
DOH;CNX;QR;[]
DOH;COK;QR;[]
DOH;CPH;QR;[]
DOH;CPT;QR;[]
DOH;CRK;QR;[]
DOH;CTU;QR;[]
DOH;CWL;QR;[]
DOH;DAC;QR;[]
DOH;DAR;QR;[]
DOH;DEL;QR;[]
DOH;DFW;QR;[]
DOH;MOW;QR;[]
DOH;DPS;QR;[]
DOH;DUB;QR;[]
DOH;DUR;QR;[]
DOH;EBB;QR;[]
DOH;EBL;QR;[]
DOH;EDI;QR;[]
DOH;ANK;QR;[]
DOH;EVN;QR;[]
DOH;BUE;QR;[]
DOH;ROM;QR;[]
DOH;FRA;QR;[]
DOH;GOI;QR;[]
DOH;SAO;QR;[]
DOH;GVA;QR;[]
DOH;BAK;QR;[]
DOH;HAN;QR;[]
DOH;HEL;QR;[]
DOH;HGH;QR;[]
DOH;HKG;QR;[]
DOH;HKT;QR;[]
DOH;TYO;QR;[]
DOH;HYD;QR;[]
DOH;WAS;QR;[]
DOH;HOU;QR;[]
DOH;SEL;QR;[]
DOH;THR;QR;[]
DOH;ISB;QR;[]
DOH;IST;QR;[]
DOH;ISU;QR;[]
DOH;NYC;QR;[]
DOH;JIB;QR;[]
DOH;JNB;QR;[]
DOH;JRO;QR;[]
DOH;IEV;QR;[]
DOH;KBV;QR;[]
DOH;KGL;QR;[]
DOH;KHI;QR;[]
DOH;KRT;QR;[]
DOH;KTM;QR;[]
DOH;KUL;QR;[]
DOH;KWI;QR;[]
DOH;LAX;QR;[]
DOH;LCA;QR;[]
DOH;LHE;QR;[]
DOH;LON;-;[]
DOH;LOS;QR;[]
DOH;LYP;QR;[]
DOH;MAA;QR;[]
DOH;MAD;QR;[]
DOH;MAN;QR;[]
DOH;MCT;QR;[]
DOH;MEL;QR;[]
DOH;MHD;QR;[]
DOH;MIA;QR;[]
DOH;MLE;QR;[]
DOH;MNL;QR;[]
DOH;MPM;QR;[]
DOH;MUC;QR;[]
DOH;MUX;QR;[]
DOH;MIL;QR;[]
DOH;NAG;QR;[]
DOH;NBO;QR;[]
DOH;NCE;QR;[]
DOH;NJF;QR;[]
DOH;OHS;QR;[]
DOH;CHI;QR;[]
DOH;OSL;QR;[]
DOH;BUH;QR;[]
DOH;BJS;QR;[]
DOH;PER;QR;[]
DOH;PEW;QR;[]
DOH;PHL;QR;[]
DOH;PNH;QR;[]
DOH;PRG;QR;[]
DOH;PSA;QR;[]
DOH;SHA;QR;[]
DOH;RAK;QR;[]
DOH;RGN;QR;[]
DOH;SEZ;QR;[]
DOH;SGN;QR;[]
DOH;SIN;QR;[]
DOH;SJJ;QR;[]
DOH;SKP;QR;[]
DOH;SKT;QR;[]
DOH;SLL;QR;[]
DOH;SOF;QR;[]
DOH;SYD;QR;[]
DOH;SYZ;QR;[]
DOH;TBS;QR;[]
DOH;TRV;QR;[]
DOH;TUN;QR;[]
DOH;BER;QR;[]
DOH;VCE;QR;[]
DOH;VIE;QR;[]
DOH;WAW;QR;[]
DOH;WDH;QR;[]
DOH;YMQ;QR;[]
DOH;ZAG;QR;[]
DOH;ZNZ;QR;[]
DOH;ZRH;QR;[]
SLU;CLT;AA;[]
SLU;GND;BA;[]
SLU;LON;BA;[]
SLU;MIA;AA;[]
SLU;PHL;AA;[]
SLU;POS;BA;[]
SLZ;BSB;JJ;[]
SLZ;FOR;JJ;[]
SLZ;RIO;JJ;[]
SLZ;SAO;JJ;[]
SLZ;IMP;JJ;[]
SLZ;POA;JJ;[]
SLZ;SSA;JJ;[]
BKI;HKG;KA;[]
BKI;KCH;MH;[]
BKI;KUL;MH;[]
BKI;TYO;MH;[]
BKI;PER;MH;[]
BKI;SHA;MH;[]
BKI;SDK;MH;[]
BKI;TPE;MH;[]
BKI;TWU;MH;[]
FSM;DFW;AA;[]
SLY;MOW;S7;[]
YYC;DFW;AA;[]
YYC;LON;BA;[]
BKK;AMM;RJ;[]
BKK;CMB;UL;[]
BKK;DOH;QR;[]
BKK;HAN;QR;[]
BKK;HEL;AY;[]
BKK;HKG;-;[]
BKK;TYO;JL;[]
BKK;IKT;S7;[]
BKK;OSA;JL;[]
BKK;KUL;-;[]
BKK;LON;BA;[]
BKK;NGO;JL;[]
BKK;OVB;S7;[]
BKK;SIN;CX;[]
BKK;SYD;QF;[]
BKQ;LRE;QF;[]
WUH;HKG;KA;[]
WUH;KUL;MH;[]
MAA;CMB;UL;[]
MAA;DOH;QR;[]
MAA;HKG;CX;[]
MAA;KUL;MH;[]
MAA;LON;BA;[]
SMI;ZRH;HG;[]
MAB;BSB;JJ;[]
MAD;ACE;IB;[]
MAD;AGP;IB;[]
MAD;ALC;IB;[]
MAD;ALG;IB;[]
MAD;AMM;RJ;[]
MAD;AMS;IB;[]
MAD;STO;IB;[]
MAD;ATH;IB;[]
MAD;BCN;IB;[]
MAD;BHX;IB;[]
MAD;BIO;IB;[]
MAD;BIQ;IB;[]
MAD;BJZ;IB;[]
MAD;BLQ;IB;[]
MAD;BOD;IB;[]
MAD;BOG;IB;[]
MAD;BOS;IB;[]
MAD;BRU;IB;[]
MAD;EAP;IB;[]
MAD;BUD;IB;[]
MAD;CAG;IB;[]
MAD;CCS;IB;[]
MAD;PAR;IB;[]
MAD;CLT;AA;[]
MAD;CAS;IB;[]
MAD;CPH;IB;[]
MAD;CTA;IB;[]
MAD;DBV;IB;[]
MAD;DFW;AA;[]
MAD;DKR;IB;[]
MAD;MOW;IB;[]
MAD;DOH;QR;[]
MAD;DUB;IB;[]
MAD;DUS;IB;[]
MAD;EAS;IB;[]
MAD;EDI;IB;[]
MAD;BUE;IB;[]
MAD;FAO;IB;[]
MAD;ROM;IB;[]
MAD;FLR;IB;[]
MAD;FNC;IB;[]
MAD;FRA;-;[]
MAD;FUE;IB;[]
MAD;RIO;IB;[]
MAD;SAO;-;[]
MAD;GRX;IB;[]
MAD;GUA;IB;[]
MAD;GVA;IB;[]
MAD;GYE;LA;[]
MAD;HAM;IB;[]
MAD;HAV;IB;[]
MAD;HEL;AY;[]
MAD;HER;IB;[]
MAD;HKG;CX;[]
MAD;IBZ;IB;[]
MAD;NYC;-;[]
MAD;JNB;IB;[]
MAD;JTR;IB;[]
MAD;REK;IB;[]
MAD;KRK;IB;[]
MAD;LAS;AA;[]
MAD;LAX;-;[]
MAD;LCG;IB;[]
MAD;LED;IB;[]
MAD;LEI;IB;[]
MAD;LON;-;[]
MAD;LIM;-;[]
MAD;MIL;IB;[]
MAD;LIS;IB;[]
MAD;LPA;IB;[]
MAD;LYS;IB;[]
MAD;MAH;IB;[]
MAD;MAN;IB;[]
MAD;MDE;IB;[]
MAD;MEX;IB;[]
MAD;MIA;-;[]
MAD;MLA;IB;[]
MAD;MLN;IB;[]
MAD;MRS;IB;[]
MAD;MUC;IB;[]
MAD;MVD;IB;[]
MAD;NAP;IB;[]
MAD;NCE;IB;[]
MAD;TYO;IB;[]
MAD;NTE;IB;[]
MAD;OPO;IB;[]
MAD;CHI;IB;[]
MAD;ORK;IB;[]
MAD;ORN;IB;[]
MAD;OSL;IB;[]
MAD;BUH;IB;[]
MAD;OVD;IB;[]
MAD;PHL;AA;[]
MAD;PMI;IB;[]
MAD;PNA;IB;[]
MAD;PRG;IB;[]
MAD;PTY;IB;[]
MAD;SHA;IB;[]
MAD;RAK;IB;[]
MAD;RJL;IB;[]
MAD;RNS;IB;[]
MAD;SAL;IB;[]
MAD;SAN;AA;[]
MAD;SCL;-;[]
MAD;SCQ;IB;[]
MAD;SDQ;IB;[]
MAD;SDR;IB;[]
MAD;SJO;IB;[]
MAD;SJU;IB;[]
MAD;SPC;IB;[]
MAD;SSG;IB;[]
MAD;STR;IB;[]
MAD;SVQ;IB;[]
MAD;SXB;IB;[]
MAD;TCI;IB;[]
MAD;TLS;IB;[]
MAD;TLV;IB;[]
MAD;TNG;IB;[]
MAD;TRN;IB;[]
MAD;BER;IB;[]
MAD;UIO;IB;[]
MAD;VCE;IB;[]
MAD;VGO;IB;[]
MAD;VIE;IB;[]
MAD;VLC;IB;[]
MAD;XRY;IB;[]
MAD;ZAG;IB;[]
MAD;ZRH;IB;[]
MAF;DFW;AA;[]
MAF;PHX;AA;[]
MAH;HEL;AY;[]
MAH;LON;BA;[]
MAH;LEN;IB;[]
MAH;MAD;IB;[]
MAH;PMI;IB;[]
MAH;VLC;IB;[]
FTE;BUE;LA;[]
FTE;USH;LA;[]
SMR;BOG;LA;[]
SMR;MDE;LA;[]
MAO;BEL;JJ;[]
MAO;BSB;JJ;[]
MAO;BVB;JJ;[]
MAO;FOR;JJ;[]
MAO;RIO;JJ;[]
MAO;SAO;JJ;[]
MAO;MIA;-;[]
MAO;SSA;JJ;[]
MAN;AGP;BA;[]
MAN;ALC;BA;[]
MAN;BLL;BA;[]
MAN;CMF;BA;[]
MAN;DOH;QR;[]
MAN;HEL;AY;[]
MAN;HKG;CX;[]
MAN;IBZ;BA;[]
MAN;NYC;AA;[]
MAN;JMK;BA;[]
MAN;LAS;AA;[]
MAN;LON;BA;[]
MAN;MAD;IB;[]
MAN;ORL;AA;[]
MAN;NCE;BA;[]
MAN;CHI;AA;[]
MAN;PHL;AA;[]
MAN;PMI;BA;[]
MAN;SFO;AA;[]
MAN;SZG;BA;[]
MAR;MIA;AA;[]
DPO;MEL;QF;[]
BLL;BGO;BA;[]
BLL;DUS;BA;[]
BLL;HEL;AY;[]
BLL;LON;BA;[]
BLL;MAN;BA;[]
BLL;OSL;BA;[]
BLL;SZG;HG;[]
URA;MOW;S7;[]
BLQ;DUS;AB;[]
BLQ;LON;BA;[]
BLQ;MAD;IB;[]
DPS;DOH;QR;[]
DPS;HKG;-;[]
DPS;KUL;MH;[]
DPS;SYD;QF;[]
SNA;ATL;AA;[]
SNA;AUS;AA;[]
SNA;HFD;AA;[]
SNA;BNA;AA;[]
SNA;BOS;AA;[]
SNA;BWI;AA;[]
SNA;DEN;AA;[]
SNA;DFW;AA;[]
SNA;MSP;AA;[]
SNA;CHI;AA;[]
SNA;PHX;AA;[]
SNA;FMY;AA;[]
SNA;SAT;AA;[]
SNA;SEA;AA;[]
URC;MOW;S7;[]
URC;OVB;S7;[]
BLR;CMB;UL;[]
BLR;DOH;QR;[]
BLR;HKG;KA;[]
BLR;KUL;MH;[]
BLR;LON;BA;[]
HYD;CMB;UL;[]
HYD;DOH;QR;[]
HYD;HKG;CX;[]
HYD;KUL;MH;[]
HYD;LON;BA;[]
SNN;PHL;AA;[]
MBJ;BOS;AA;[]
MBJ;CLT;AA;[]
MBJ;DFW;AA;[]
MBJ;LAX;AA;[]
MBJ;MIA;AA;[]
MBJ;CHI;AA;[]
MBJ;PHL;AA;[]
FUE;CGN;HG;[]
FUE;DUS;HG;[]
FUE;HAM;HG;[]
FUE;HEL;AY;[]
FUE;LON;BA;[]
FUE;MAD;IB;[]
FUE;NUE;HG;[]
FUE;SZG;HG;[]
FUE;BER;HG;[]
FUE;VIE;HG;[]
FUE;ZRH;HG;[]
BME;BNE;QF;[]
BME;MEL;QF;[]
BME;PER;QF;[]
BME;SYD;QF;[]
SNU;MIA;AA;[]
FUK;ASJ;JL;[]
FUK;SPK;JL;[]
FUK;HEL;AY;[]
FUK;HKG;-;[]
FUK;HNA;JL;[]
FUK;TYO;JL;[]
FUK;OSA;JL;[]
FUK;IZO;JC;[]
FUK;KCZ;JL;[]
FUK;KMI;JL;[]
FUK;KOJ;JC;[]
FUK;KUM;JC;[]
FUK;MYJ;JL;[]
FUK;OKA;NU;[]
FUK;SDJ;JL;[]
FUK;TKS;JL;[]
FUK;TPE;CX;[]
BMI;DFW;AA;[]
BMI;CHI;AA;[]
SOF;DOH;QR;[]
SOF;LON;BA;[]
USH;BUE;LA;[]
USH;FTE;LA;[]
OGG;DFW;AA;[]
OGG;LAX;AA;[]
OGG;PHX;AA;[]
BNA;ALB;AA;[]
BNA;ATL;AA;[]
BNA;HFD;AA;[]
BNA;CLT;AA;[]
BNA;CMH;AA;[]
BNA;CUN;AA;[]
BNA;WAS;AA;[]
BNA;DFW;AA;[]
BNA;GCM;AA;[]
BNA;ILM;AA;[]
BNA;IND;AA;[]
BNA;NYC;AA;[]
BNA;LAX;AA;[]
BNA;LON;BA;[]
BNA;MKC;AA;[]
BNA;MEX;AA;[]
BNA;MIA;AA;[]
BNA;OKC;AA;[]
BNA;CHI;AA;[]
BNA;ORF;AA;[]
BNA;PHL;AA;[]
BNA;RDU;AA;[]
BNA;RIC;AA;[]
BNA;SAT;AA;[]
BNA;TVC;AA;[]
OGN;ISG;NU;[]
OGN;OKA;NU;[]
BNE;ADL;QF;[]
BNE;AKL;QF;[]
BNE;ASP;QF;[]
BNE;BCI;QF;[]
BNE;BDB;QF;[]
BNE;BKQ;QF;[]
BNE;BME;QF;[]
BNE;CBR;QF;[]
BNE;CHC;QF;[]
BNE;CNS;-;[]
BNE;CTL;QF;[]
BNE;DRW;QF;[]
BNE;EMD;QF;[]
BNE;GLT;QF;[]
BNE;HBA;QF;[]
BNE;HKG;-;[]
BNE;HTI;QF;[]
BNE;HVB;QF;[]
BNE;ISA;QF;[]
BNE;LAX;QF;[]
BNE;LDH;QF;[]
BNE;LRE;QF;[]
BNE;MEL;QF;[]
BNE;MKY;QF;[]
BNE;MOV;QF;[]
BNE;NOU;QF;[]
BNE;TYO;QF;[]
BNE;NTL;QF;[]
BNE;PER;QF;[]
BNE;PHE;QF;[]
BNE;POM;QF;[]
BNE;RMA;QF;[]
BNE;ROK;QF;[]
BNE;SIN;QF;[]
BNE;SYD;QF;[]
BNE;TSV;QF;[]
BNE;ZQN;QF;[]
MCP;BEL;JJ;[]
MCP;BSB;JJ;[]
MCP;FOR;JJ;[]
MCT;CMB;UL;[]
MCT;DOH;QR;[]
MCT;LON;BA;[]
DRO;BFL;AA;[]
DRO;DFW;AA;[]
DRO;PHX;AA;[]
MCY;MEL;QF;[]
MCY;SYD;QF;[]
OGZ;MOW;S7;[]
MCZ;BSB;JJ;[]
MCZ;SAO;JJ;[]
MCZ;CWB;JJ;[]
MCZ;RIO;JJ;[]
SPC;DUS;HG;[]
SPC;FRA;HG;[]
SPC;MAD;IB;[]
SPC;BER;HG;[]
DRW;ADL;QF;[]
DRW;ASP;QF;[]
DRW;BNE;QF;[]
DRW;CNS;QF;[]
DRW;MEL;QF;[]
DRW;PER;QF;[]
DRW;SYD;QF;[]
SPI;DFW;AA;[]
OHH;JOK;S7;[]
MDE;ADZ;LA;[]
MDE;BAQ;LA;[]
MDE;BOG;LA;[]
MDE;CTG;LA;[]
MDE;MAD;IB;[]
MDE;MIA;AA;[]
MDE;SMR;LA;[]
SPK;AOJ;JL;[]
SPK;AXT;JL;[]
SPK;FUK;JL;[]
SPK;HIJ;JL;[]
SPK;HKG;CX;[]
SPK;HNA;JL;[]
SPK;TYO;JL;[]
SPK;OSA;JL;[]
SPK;KIJ;JL;[]
SPK;MMB;JL;[]
SPK;NGO;JL;[]
SPK;SDJ;JL;[]
SPK;HKD;JL;[]
SPK;KUH;JL;[]
SPK;MSJ;JL;[]
SPK;RIS;JL;[]
UTP;IKT;S7;[]
FWA;CLT;AA;[]
FWA;DFW;AA;[]
FWA;CHI;AA;[]
BOD;LON;BA;[]
BOD;MAD;IB;[]
SPS;DFW;AA;[]
SPU;HEL;AY;[]
SPU;LON;BA;[]
BOG;ADZ;LA;[]
BOG;AUA;LA;[]
BOG;BAQ;LA;[]
BOG;BGA;LA;[]
BOG;CLO;LA;[]
BOG;CTG;LA;[]
BOG;CUC;LA;[]
BOG;CUN;LA;[]
BOG;DFW;AA;[]
BOG;EYP;LA;[]
BOG;BUE;JJ;[]
BOG;SAO;JJ;[]
BOG;LET;LA;[]
BOG;LIM;LA;[]
BOG;MAD;IB;[]
BOG;MDE;LA;[]
BOG;MIA;-;[]
BOG;MTR;LA;[]
BOG;PEI;LA;[]
BOG;SCL;LA;[]
BOG;SMR;LA;[]
BOG;VUP;LA;[]
OHS;DOH;QR;[]
BOJ;MOW;S7;[]
BOI;BOS;AA;[]
BOI;CMH;AA;[]
BOI;DFW;AA;[]
BOI;MEM;AA;[]
BOI;CHI;AA;[]
BOI;PHX;AA;[]
BOI;SAT;AA;[]
WYA;ADL;QF;[]
DSM;CLT;AA;[]
DSM;CVG;AA;[]
DSM;DAY;AA;[]
DSM;WAS;AA;[]
DSM;DFW;AA;[]
DSM;CHI;AA;[]
DSM;PHX;AA;[]
DSM;SJC;AA;[]
BOM;CMB;UL;[]
BOM;DOH;QR;[]
BOM;HKG;CX;[]
BOM;KUL;MH;[]
BOM;LON;BA;[]
MDZ;BUE;LA;[]
MDZ;LIM;LA;[]
MDZ;SCL;LA;[]
UUD;MOW;S7;[]
UUD;OVB;S7;[]
UUD;BJS;S7;[]
BOS;AMS;AA;[]
BOS;ATL;AA;[]
BOS;BOI;AA;[]
BOS;BZE;AA;[]
BOS;CLT;AA;[]
BOS;CUN;AA;[]
BOS;WAS;AA;[]
BOS;DEN;AA;[]
BOS;DFW;AA;[]
BOS;DOH;QR;[]
BOS;DTT;AA;[]
BOS;DUS;AB;[]
BOS;FLL;AA;[]
BOS;HKG;CX;[]
BOS;HOU;AA;[]
BOS;JAX;AA;[]
BOS;NYC;AA;[]
BOS;LAS;AA;[]
BOS;LAX;AA;[]
BOS;LON;BA;[]
BOS;LIS;AA;[]
BOS;MAD;IB;[]
BOS;MBJ;AA;[]
BOS;ORL;AA;[]
BOS;HAR;AA;[]
BOS;MIA;AA;[]
BOS;MIL;AA;[]
BOS;TYO;JL;[]
BOS;CHI;AA;[]
BOS;PAP;AA;[]
BOS;PBI;AA;[]
BOS;PDX;AA;[]
BOS;PHL;AA;[]
BOS;PHX;AA;[]
BOS;PIT;AA;[]
BOS;PLS;AA;[]
BOS;PUJ;AA;[]
BOS;RDU;AA;[]
BOS;ROC;AA;[]
BOS;FMY;AA;[]
BOS;SAN;AA;[]
BOS;SEA;AA;[]
BOS;SFO;AA;[]
BOS;SAC;AA;[]
BOS;SNA;AA;[]
BOS;SYR;AA;[]
BOS;TPA;AA;[]
BOS;VCE;AA;[]
MED;AMM;RJ;[]
MEI;DFW;AA;[]
MEI;CHI;AA;[]
MEI;LUL;AA;[]
UUS;OVB;S7;[]
UUS;VVO;S7;[]
MEL;ADL;QF;[]
MEL;AKL;QF;[]
MEL;ASP;QF;[]
MEL;BME;QF;[]
MEL;BNE;QF;[]
MEL;CBR;QF;[]
MEL;CHC;QF;[]
MEL;CMB;UL;[]
MEL;CNS;QF;[]
MEL;DOH;QR;[]
MEL;DPO;QF;[]
MEL;DRW;QF;[]
MEL;DXB;QF;[]
MEL;HBA;QF;[]
MEL;HKG;-;[]
MEL;HTI;QF;[]
MEL;KGC;QF;[]
MEL;KUL;MH;[]
MEL;LAX;QF;[]
MEL;LON;QF;[]
MEL;LST;QF;[]
MEL;MCY;QF;[]
MEL;MQL;QF;[]
MEL;TYO;-;[]
MEL;OOL;QF;[]
MEL;PER;QF;[]
MEL;SCL;LA;[]
MEL;SIN;QF;[]
MEL;SYD;QF;[]
MEL;WLG;QF;[]
KAJ;HEL;AY;[]
KAJ;JOE;AY;[]
KAJ;JYV;AY;[]
KAO;HEL;AY;[]
OIR;HKD;JL;[]
MES;KUL;MH;[]
OIT;TYO;JL;[]
OIT;OSA;JL;[]
MEX;CLT;AA;[]
MEX;DFW;AA;[]
MEX;SAO;JJ;[]
MEX;LAX;AA;[]
MEX;LON;BA;[]
MEX;LIM;LA;[]
MEX;MAD;IB;[]
MEX;MIA;AA;[]
MEX;PHX;AA;[]
MEX;SCL;LA;[]
BPS;BSB;JJ;[]
BPS;SAO;JJ;[]
BPS;BHZ;JJ;[]
BPS;IGU;JJ;[]
BPS;SJP;JJ;[]
DTT;AMM;RJ;[]
DTT;AUS;AA;[]
DTT;CHS;AA;[]
DTT;CLT;AA;[]
DTT;WAS;AA;[]
DTT;DEN;AA;[]
DTT;DFW;AA;[]
DTT;FLL;AA;[]
DTT;ILM;AA;[]
DTT;JAX;AA;[]
DTT;LAS;AA;[]
DTT;NYC;AA;[]
DTT;MIA;AA;[]
DTT;MSY;AA;[]
DTT;MYR;AA;[]
DTT;ONT;AA;[]
DTT;CHI;AA;[]
DTT;ORF;AA;[]
DTT;PHL;AA;[]
DTT;PHX;AA;[]
DTT;PIT;AA;[]
DTT;PVR;AA;[]
DTT;RIC;AA;[]
DTT;RNO;AA;[]
DTT;FMY;AA;[]
DTT;SAV;AA;[]
DTT;SDF;AA;[]
DTT;SAC;AA;[]
BPT;DFW;AA;[]
MFE;DFW;AA;[]
DUB;CLT;AA;[]
DUB;MOW;S7;[]
DUB;DOH;QR;[]
DUB;HEL;AY;[]
DUB;HKG;CX;[]
DUB;IBZ;BA;[]
DUB;NYC;AA;[]
DUB;LAX;AA;[]
DUB;LON;BA;[]
DUB;MAD;IB;[]
DUB;CHI;AA;[]
DUB;PHL;AA;[]
DUB;SAN;AA;[]
DUB;SFO;AA;[]
SRQ;CLT;AA;[]
SRQ;WAS;AA;[]
MFR;LAX;AA;[]
MFR;PHX;AA;[]
KBR;KUL;MH;[]
SRZ;IQQ;LA;[]
SRZ;LIM;LA;[]
SRZ;MIA;AA;[]
SRZ;SCL;LA;[]
KBV;DOH;QR;[]
KBV;HEL;AY;[]
DUR;CPT;BA;[]
DUR;DOH;QR;[]
DUR;JNB;BA;[]
DUR;PLZ;BA;[]
SSA;BSB;JJ;[]
SSA;SAO;JJ;[]
SSA;BHZ;JJ;[]
SSA;CWB;JJ;[]
SSA;BUE;JJ;[]
SSA;FOR;JJ;[]
SSA;RIO;JJ;[]
SSA;IMP;JJ;[]
SSA;POA;JJ;[]
SSA;SLZ;JJ;[]
FYV;CLT;AA;[]
FYV;WAS;AA;[]
FYV;DFW;AA;[]
FYV;NYC;AA;[]
FYV;CHI;AA;[]
DUS;ACE;HG;[]
DUS;AGA;HG;[]
DUS;AGP;HG;[]
DUS;ALC;HG;[]
DUS;BCN;AB;[]
DUS;BLL;BA;[]
DUS;BLQ;AB;[]
DUS;BOS;AB;[]
DUS;CPH;AB;[]
DUS;CTA;AB;[]
DUS;CUN;AB;[]
DUS;CUR;AB;[]
DUS;MOW;S7;[]
DUS;FAO;HG;[]
DUS;ROM;AB;[]
DUS;FLR;AB;[]
DUS;FNC;HG;[]
DUS;FUE;HG;[]
DUS;GVA;AB;[]
DUS;GWT;AB;[]
DUS;HAM;AB;[]
DUS;HAV;AB;[]
DUS;HEL;AY;[]
DUS;HER;HG;[]
DUS;HKG;CX;[]
DUS;HRG;HG;[]
DUS;IBZ;HG;[]
DUS;INN;HG;[]
DUS;NYC;AB;[]
DUS;REK;AB;[]
DUS;KGS;HG;[]
DUS;LAX;AB;[]
DUS;LON;BA;[]
DUS;MIL;AB;[]
DUS;LPA;HG;[]
DUS;MAD;IB;[]
DUS;ORL;AB;[]
DUS;MIA;AB;[]
DUS;MUC;AB;[]
DUS;NAP;AB;[]
DUS;NCE;AB;[]
DUS;NUE;AB;[]
DUS;OLB;AB;[]
DUS;CHI;AB;[]
DUS;OVB;S7;[]
DUS;PDL;HG;[]
DUS;PMI;HG;[]
DUS;POP;AB;[]
DUS;PUJ;AB;[]
DUS;RHO;HG;[]
DUS;FMY;AB;[]
DUS;SFO;AB;[]
DUS;SPC;HG;[]
DUS;STR;AB;[]
DUS;SZG;AB;[]
DUS;TCI;HG;[]
DUS;BER;AB;[]
DUS;VCE;AB;[]
DUS;VIE;AB;[]
DUS;VRA;AB;[]
DUS;YTO;AB;[]
DUS;ZRH;AB;[]
OKA;ASJ;NU;[]
OKA;FUK;NU;[]
OKA;HKG;KA;[]
OKA;TYO;JL;[]
OKA;ISG;NU;[]
OKA;OSA;-;[]
OKA;KMQ;NU;[]
OKA;KTD;NU;[]
OKA;MMD;NU;[]
OKA;MMY;NU;[]
OKA;NGO;NU;[]
OKA;OGN;NU;[]
OKA;OKJ;NU;[]
OKA;RNJ;NU;[]
OKA;UEO;NU;[]
BQS;OVB;S7;[]
MGA;DFW;AA;[]
MGA;MIA;AA;[]
OKC;CLT;AA;[]
OKC;DFW;AA;[]
OKC;LAX;AA;[]
OKC;ORL;AA;[]
OKC;CHI;AA;[]
OKC;TPA;AA;[]
SSG;MAD;IB;[]
OKE;ASJ;JC;[]
OKE;KOJ;JC;[]
OKE;RNJ;JC;[]
OKI;OSA;JC;[]
OKI;IZO;JC;[]
OKJ;TYO;JL;[]
OKJ;OKA;NU;[]
KCH;BKI;MH;[]
KCH;KUL;MH;[]
KCH;MYY;MH;[]
KCH;SIN;MH;[]
BRC;BUE;LA;[]
BRC;SCL;LA;[]
MGM;CLT;AA;[]
MGM;DFW;AA;[]
BRI;LON;BA;[]
BRO;DFW;AA;[]
ZAG;DOH;QR;[]
ZAG;LON;BA;[]
ZAG;MAD;IB;[]
BRS;AGP;BA;[]
BRS;FLR;BA;[]
BRS;IBZ;BA;[]
BRS;PMI;BA;[]
KCZ;FUK;JL;[]
KCZ;TYO;JL;[]
BRU;DOH;QR;[]
BRU;HEL;AY;[]
BRU;HKG;CX;[]
BRU;LON;BA;[]
BRU;MAD;IB;[]
OLB;MOW;S7;[]
OLB;DUS;AB;[]
OLB;LON;BA;[]
OLB;MUC;AB;[]
OLB;STR;AB;[]
OLB;BER;AB;[]
OLB;ZRH;AB;[]
ZAL;SCL;LA;[]
MHD;DOH;QR;[]
STI;MIA;AA;[]
STL;ANU;AA;[]
STL;CLE;AA;[]
STL;CLT;AA;[]
STL;WAS;AA;[]
STL;DFW;AA;[]
STL;NYC;AA;[]
STL;HOU;AA;[]
STL;ILM;AA;[]
STL;LAX;AA;[]
STL;LON;AA;[]
STL;MIA;AA;[]
STL;MSY;AA;[]
STL;MYR;AA;[]
STL;CHI;AA;[]
STL;PHL;AA;[]
STL;PHX;AA;[]
STL;PIT;AA;[]
STL;RDU;AA;[]
STL;RNO;AA;[]
STL;SLC;AA;[]
STL;SAC;AA;[]
STL;TUS;AA;[]
MHH;MIA;AA;[]
STM;BSB;JJ;[]
STO;BGO;AY;[]
STO;DOH;QR;[]
STO;HEL;AY;[]
STO;LON;BA;[]
STO;MAD;IB;[]
STO;BER;AB;[]
STO;AAR;BA;[]
BSB;BEL;JJ;[]
BSB;BPS;JJ;[]
BSB;BVB;JJ;[]
BSB;CGB;JJ;[]
BSB;SAO;JJ;[]
BSB;CGR;JJ;[]
BSB;BHZ;JJ;[]
BSB;CWB;JJ;[]
BSB;BUE;JJ;[]
BSB;FLN;JJ;[]
BSB;FOR;JJ;[]
BSB;RIO;JJ;[]
BSB;GYN;JJ;[]
BSB;IGU;JJ;[]
BSB;IMP;JJ;[]
BSB;JPA;JJ;[]
BSB;JTC;JJ;[]
BSB;LDB;JJ;[]
BSB;MAB;JJ;[]
BSB;MAO;JJ;[]
BSB;MCP;JJ;[]
BSB;MCZ;JJ;[]
BSB;MIA;AA;[]
BSB;NAT;JJ;[]
BSB;PMW;JJ;[]
BSB;POA;JJ;[]
BSB;PUJ;JJ;[]
BSB;PVH;JJ;[]
BSB;RBR;JJ;[]
BSB;REC;JJ;[]
BSB;SJP;JJ;[]
BSB;SLZ;JJ;[]
BSB;SSA;JJ;[]
BSB;STM;JJ;[]
BSB;THE;JJ;[]
BSB;UDI;JJ;[]
BSB;VIX;JJ;[]
STR;AGP;HG;[]
STR;DUS;AB;[]
STR;GWT;AB;[]
STR;HEL;AY;[]
STR;IBZ;HG;[]
STR;LON;BA;[]
STR;LPA;HG;[]
STR;MAD;IB;[]
STR;MLA;HG;[]
STR;NAP;AB;[]
STR;OLB;AB;[]
STR;PMI;HG;[]
STR;SKG;HG;[]
STR;TCI;HG;[]
STR;BER;AB;[]
MHK;DFW;AA;[]
MHK;CHI;AA;[]
STT;CLT;AA;[]
STT;NYC;AA;[]
STT;MIA;AA;[]
STT;PHL;AA;[]
STS;PHX;AA;[]
STX;CLT;AA;[]
STX;MIA;AA;[]
MHQ;HEL;AY;[]
MHQ;TKU;AY;[]
STW;MOW;S7;[]
MHT;CLT;AA;[]
MHT;DAB;AA;[]
MHT;WAS;AA;[]
MHT;ILM;AA;[]
MHT;PHL;AA;[]
BSR;AMM;RJ;[]
BSR;DOH;QR;[]
SUB;HKG;CX;[]
OMA;BOI;AA;[]
OMA;CLT;AA;[]
OMA;DFW;AA;[]
OMA;LAX;AA;[]
OMA;MIA;AA;[]
OMA;OAK;AA;[]
OMA;CHI;AA;[]
OMA;PHX;AA;[]
OMA;SNA;AA;[]
OMA;YVR;AA;[]
MIA;AMS;AA;[]
MIA;ANU;AA;[]
MIA;ATL;AA;[]
MIA;AUA;AA;[]
MIA;AUS;AA;[]
MIA;BAQ;AA;[]
MIA;BCN;AA;[]
MIA;BDA;AA;[]
MIA;HFD;AA;[]
MIA;BEL;JJ;[]
MIA;BGI;AA;[]
MIA;BHM;AA;[]
MIA;BNA;AA;[]
MIA;BOG;-;[]
MIA;BOS;AA;[]
MIA;BSB;AA;[]
MIA;BUF;AA;[]
MIA;BWI;AA;[]
MIA;BZE;AA;[]
MIA;CAP;AA;[]
MIA;CCS;AA;[]
MIA;PAR;AA;[]
MIA;CFG;AA;[]
MIA;CHS;AA;[]
MIA;CLE;AA;[]
MIA;CLO;AA;[]
MIA;CLT;AA;[]
MIA;CMH;AA;[]
MIA;CMW;AA;[]
MIA;BHZ;AA;[]
MIA;CTG;AA;[]
MIA;CUN;AA;[]
MIA;CUR;AA;[]
MIA;CVG;AA;[]
MIA;CZM;AA;[]
MIA;WAS;AA;[]
MIA;DEN;AA;[]
MIA;DFW;AA;[]
MIA;DOH;QR;[]
MIA;DTT;AA;[]
MIA;DUS;AB;[]
MIA;EGE;AA;[]
MIA;ELH;AA;[]
MIA;NYC;AA;[]
MIA;EYW;AA;[]
MIA;BUE;-;[]
MIA;FDF;AA;[]
MIA;FOR;JJ;[]
MIA;FPO;AA;[]
MIA;GCM;AA;[]
MIA;GGT;AA;[]
MIA;RIO;-;[]
MIA;GND;AA;[]
MIA;GNV;AA;[]
MIA;SAO;-;[]
MIA;GSO;AA;[]
MIA;GUA;AA;[]
MIA;GYE;AA;[]
MIA;HAV;AA;[]
MIA;HEL;AY;[]
MIA;HOG;AA;[]
MIA;HOU;AA;[]
MIA;IND;AA;[]
MIA;JAX;AA;[]
MIA;KIN;AA;[]
MIA;LAS;AA;[]
MIA;LAX;AA;[]
MIA;LON;-;[]
MIA;LIM;-;[]
MIA;LIR;AA;[]
MIA;LPB;AA;[]
MIA;MAD;-;[]
MIA;MAO;-;[]
MIA;MAR;AA;[]
MIA;MBJ;AA;[]
MIA;MKC;AA;[]
MIA;ORL;AA;[]
MIA;MDE;AA;[]
MIA;MEM;AA;[]
MIA;MEX;AA;[]
MIA;MGA;AA;[]
MIA;MHH;AA;[]
MIA;MID;AA;[]
MIA;MSP;AA;[]
MIA;MSY;AA;[]
MIA;MTY;AA;[]
MIA;MVD;AA;[]
MIA;MIL;AA;[]
MIA;NAS;AA;[]
MIA;TYO;AA;[]
MIA;OMA;AA;[]
MIA;CHI;AA;[]
MIA;ORF;AA;[]
MIA;PAP;AA;[]
MIA;BJS;AA;[]
MIA;PHL;AA;[]
MIA;PHX;AA;[]
MIA;PIT;AA;[]
MIA;PLS;AA;[]
MIA;PNS;AA;[]
MIA;POP;AA;[]
MIA;POS;AA;[]
MIA;PTP;AA;[]
MIA;PTY;AA;[]
MIA;PUJ;-;[]
MIA;PVD;AA;[]
MIA;RDU;AA;[]
MIA;REC;JJ;[]
MIA;RIC;AA;[]
MIA;FMY;AA;[]
MIA;RTB;AA;[]
MIA;SAL;AA;[]
MIA;SAN;AA;[]
MIA;SAP;AA;[]
MIA;SAT;AA;[]
MIA;SCL;-;[]
MIA;SDF;AA;[]
MIA;SDQ;AA;[]
MIA;SEA;AA;[]
MIA;SFO;AA;[]
MIA;SJO;AA;[]
MIA;SJU;AA;[]
MIA;SKB;AA;[]
MIA;SLC;AA;[]
MIA;SNA;AA;[]
MIA;SNU;AA;[]
MIA;STI;AA;[]
MIA;STL;AA;[]
MIA;STT;AA;[]
MIA;STX;AA;[]
MIA;SXM;AA;[]
MIA;TGU;AA;[]
MIA;TLH;AA;[]
MIA;TPA;AA;[]
MIA;TUL;AA;[]
MIA;BER;AB;[]
MIA;UIO;AA;[]
MIA;SLU;AA;[]
MIA;VRA;AA;[]
MIA;SRZ;AA;[]
MIA;YMQ;AA;[]
MIA;YTO;AA;[]
MIA;ZRH;AA;[]
MIA;ZSA;AA;[]
SUF;ZRH;HG;[]
MID;MIA;AA;[]
DXB;AMM;RJ;[]
DXB;BAH;CX;[]
DXB;CMB;UL;[]
DXB;HEL;AY;[]
DXB;HKG;CX;[]
DXB;LON;-;[]
DXB;MEL;QF;[]
DXB;OVB;S7;[]
DXB;SYD;QF;[]
KEJ;MOW;S7;[]
MIL;DUS;AB;[]
MIL;LON;BA;[]
MIL;MAD;IB;[]
MIL;BER;AB;[]
MIL;BOS;AA;[]
MIL;DFW;AA;[]
MIL;DOH;QR;[]
MIL;SAO;JJ;[]
MIL;HEL;AY;[]
MIL;HKG;CX;[]
MIL;NYC;AA;[]
MIL;MIA;AA;[]
KEM;HEL;AY;[]
KEM;KOK;AY;[]
OMS;MOW;S7;[]
OMS;OVB;S7;[]
SUX;DFW;AA;[]
SUX;CHI;AA;[]
BTK;MOW;S7;[]
IAR;LED;S7;[]
BTR;CLT;AA;[]
BTR;CRW;AA;[]
BTR;DFW;AA;[]
BTU;KUL;MH;[]
ZCL;DFW;AA;[]
BTV;CLT;AA;[]
BTV;CMH;AA;[]
BTV;WAS;AA;[]
BTV;EYW;AA;[]
BTV;PHL;AA;[]
SVG;LON;BA;[]
ZCO;SCL;LA;[]
QRO;DFW;AA;[]
SVQ;LEI;IB;[]
SVQ;LON;BA;[]
SVQ;MAD;IB;[]
SVQ;VLC;IB;[]
BUD;DOH;QR;[]
BUD;HEL;AY;[]
BUD;LON;BA;[]
BUD;MAD;IB;[]
BUD;PHL;AA;[]
BUD;BER;AB;[]
BUF;BNA;AA;[]
BUF;CLT;AA;[]
BUF;WAS;AA;[]
BUF;DFW;AA;[]
BUF;DTT;AA;[]
BUF;FLL;AA;[]
BUF;NYC;AA;[]
BUF;LIR;AA;[]
BUF;MIA;AA;[]
BUF;CHI;AA;[]
BUF;PHL;AA;[]
BUF;RIC;AA;[]
BUF;FMY;AA;[]
BUE;BHI;LA;[]
BUE;BRC;LA;[]
BUE;COR;LA;[]
BUE;CRD;LA;[]
BUE;BUE;LA;[]
BUE;FTE;LA;[]
BUE;SAO;-;[]
BUE;IGR;LA;[]
BUE;MDZ;LA;[]
BUE;NQN;LA;[]
BUE;RGL;LA;[]
BUE;SCL;LA;[]
BUE;SLA;LA;[]
BUE;TUC;LA;[]
BUE;UAQ;LA;[]
BUE;USH;LA;[]
BUE;BCN;IB;[]
BUE;BOG;JJ;[]
BUE;BSB;JJ;[]
BUE;DFW;AA;[]
BUE;DOH;QR;[]
BUE;RIO;JJ;[]
BUE;NYC;-;[]
BUE;LON;BA;[]
BUE;LIM;LA;[]
BUE;MAD;IB;[]
BUE;MIA;-;[]
BUE;REC;JJ;[]
BUE;SSA;JJ;[]
BUE;UIO;LA;[]
BUH;DOH;QR;[]
BUH;LON;BA;[]
BUH;MAD;IB;[]
ONT;CMH;AA;[]
ONT;DFW;AA;[]
ONT;NYC;AA;[]
ONT;PHX;AA;[]
ONT;SAT;AA;[]
SVX;MOW;S7;[]
SVX;HEL;AY;[]
SVX;OVB;S7;[]
MJV;LON;BA;[]
MJZ;MOW;S7;[]
MJZ;OVB;S7;[]
BUR;PHX;AA;[]
IBZ;ALC;IB;[]
IBZ;BHX;BA;[]
IBZ;BRS;BA;[]
IBZ;EAP;HG;[]
IBZ;CGN;HG;[]
IBZ;MOW;S7;[]
IBZ;DUB;BA;[]
IBZ;DUS;HG;[]
IBZ;HAM;HG;[]
IBZ;HEL;AY;[]
IBZ;LON;BA;[]
IBZ;LEN;IB;[]
IBZ;MAD;IB;[]
IBZ;MAN;BA;[]
IBZ;MUC;HG;[]
IBZ;PMI;IB;[]
IBZ;STR;HG;[]
IBZ;BER;HG;[]
IBZ;VGO;IB;[]
IBZ;VIE;HG;[]
IBZ;VLC;IB;[]
IBZ;ZRH;HG;[]
BUS;MOW;S7;[]
DYU;OVB;S7;[]
MKC;ATL;AA;[]
MKC;BUF;AA;[]
MKC;BWI;AA;[]
MKC;CLT;AA;[]
MKC;CUN;AA;[]
MKC;WAS;AA;[]
MKC;DFW;AA;[]
MKC;FLL;AA;[]
MKC;LAX;AA;[]
MKC;NYC;AA;[]
MKC;ORL;AA;[]
MKC;HAR;AA;[]
MKC;MIA;AA;[]
MKC;MSY;AA;[]
MKC;ONT;AA;[]
MKC;CHI;AA;[]
MKC;ORF;AA;[]
MKC;PHL;AA;[]
MKC;PHX;AA;[]
MKC;PIT;AA;[]
MKC;RIC;AA;[]
MKC;FMY;AA;[]
KGC;ADL;QF;[]
KGC;MEL;QF;[]
MKE;CLT;AA;[]
MKE;DFW;AA;[]
MKE;GEG;AA;[]
MKE;MOB;AA;[]
MKE;CHI;AA;[]
MKE;PHL;AA;[]
MKE;PHX;AA;[]
MKE;YVR;AA;[]
KGD;MOW;S7;[]
KGD;LED;S7;[]
SWO;DFW;AA;[]
KGF;OVB;S7;[]
KGI;PER;QF;[]
OOL;MEL;QF;[]
OOL;SYD;QF;[]
BVB;BSB;JJ;[]
BVB;SAO;JJ;[]
BVB;MAO;JJ;[]
KGL;DOH;QR;[]
KGS;MOW;S7;[]
KGS;DUS;HG;[]
KGS;HAM;HG;[]
KGS;HEL;AY;[]
KGS;LON;BA;[]
KGS;MUC;HG;[]
KGS;NUE;HG;[]
KGS;BER;HG;[]
KGS;VIE;HG;[]
KGS;ZRH;HG;[]
MKY;BNE;QF;[]
MKY;CNS;QF;[]
MKY;ROK;QF;[]
MKY;TSV;QF;[]
ICT;DFW;AA;[]
ICT;MKE;AA;[]
ICT;CHI;AA;[]
SXB;MAD;IB;[]
MLB;CHA;AA;[]
MLB;CLT;AA;[]
MLB;PIA;AA;[]
MLA;CGN;HG;[]
MLA;HEL;AY;[]
MLA;LON;BA;[]
MLA;MAD;IB;[]
MLA;MUC;HG;[]
MLA;NUE;HG;[]
MLA;STR;HG;[]
MLE;CMB;UL;[]
MLE;DOH;QR;[]
MLE;HKG;CX;[]
MLE;LON;BA;[]
SXM;CLT;AA;[]
SXM;NYC;AA;[]
SXM;MIA;AA;[]
SXM;PHL;AA;[]
KHH;HKG;KA;[]
KHH;TYO;JL;[]
MLI;DFW;AA;[]
MLI;CHI;AA;[]
KHI;CMB;UL;[]
KHI;DOH;QR;[]
MLN;AGP;IB;[]
MLN;MAD;IB;[]
MLM;DFW;AA;[]
OPO;LON;BA;[]
OPO;MAD;IB;[]
BWI;ATL;AA;[]
BWI;AUA;AA;[]
BWI;AUS;AA;[]
BWI;BNA;AA;[]
BWI;CLT;AA;[]
BWI;DFW;AA;[]
BWI;GCM;AA;[]
BWI;HOU;AA;[]
BWI;ILM;AA;[]
BWI;NYC;AA;[]
BWI;LON;BA;[]
BWI;MIA;AA;[]
BWI;MSP;AA;[]
BWI;MSY;AA;[]
BWI;NAS;AA;[]
BWI;ONT;AA;[]
BWI;CHI;AA;[]
BWI;PHL;AA;[]
BWI;PHX;AA;[]
BWI;RDU;AA;[]
BWI;RIC;AA;[]
BWI;FMY;AA;[]
BWI;SAN;AA;[]
BWI;SEA;AA;[]
BWI;TPA;AA;[]
MLU;DFW;AA;[]
BWN;KUL;MH;[]
KHV;TYO;S7;[]
KHV;OVB;S7;[]
KHV;VVO;S7;[]
SYD;ABX;QF;[]
SYD;ADL;QF;[]
SYD;AKL;-;[]
SYD;ARM;QF;[]
SYD;ASP;QF;[]
SYD;BKK;QF;[]
SYD;BME;QF;[]
SYD;BNE;QF;[]
SYD;CBR;QF;[]
SYD;CFS;QF;[]
SYD;JKT;QF;[]
SYD;CHC;QF;[]
SYD;CNS;QF;[]
SYD;DBO;QF;[]
SYD;DFW;QF;[]
SYD;DOH;QR;[]
SYD;DPS;QF;[]
SYD;DRW;QF;[]
SYD;DXB;QF;[]
SYD;HBA;QF;[]
SYD;HKG;-;[]
SYD;TYO;-;[]
SYD;HNL;QF;[]
SYD;HTI;QF;[]
SYD;NYC;QF;[]
SYD;JNB;QF;[]
SYD;OSA;QF;[]
SYD;KUL;MH;[]
SYD;LAS;AA;[]
SYD;LAX;-;[]
SYD;LDH;QF;[]
SYD;LON;-;[]
SYD;MCY;QF;[]
SYD;MEL;QF;[]
SYD;MNL;QF;[]
SYD;MRZ;QF;[]
SYD;NOU;QF;[]
SYD;OOL;QF;[]
SYD;BJS;QF;[]
SYD;PER;QF;[]
SYD;PQQ;QF;[]
SYD;SHA;QF;[]
SYD;SCL;-;[]
SYD;SFO;QF;[]
SYD;SIN;-;[]
SYD;TMW;QF;[]
SYD;WGA;QF;[]
SYD;WLG;QF;[]
SYD;TWB;QF;[]
SYD;YVR;QF;[]
SYD;ZQN;QF;[]
MMB;SPK;JL;[]
MMB;TYO;JL;[]
MMD;KTD;NU;[]
MMD;OKA;NU;[]
MMK;MOW;S7;[]
KIJ;SPK;JL;[]
KIJ;OSA;JL;[]
SYR;ATL;AA;[]
SYR;BOS;AA;[]
SYR;CLT;AA;[]
SYR;WAS;AA;[]
SYR;JAX;AA;[]
SYR;NAS;AA;[]
SYR;CHI;AA;[]
SYR;PHL;AA;[]
SYR;PLS;AA;[]
SYR;RDU;AA;[]
SYR;SDF;AA;[]
SYR;NYC;AA;[]
GAJ;TYO;JL;[]
GAJ;OSA;JL;[]
KIN;LON;BA;[]
KIN;MIA;AA;[]
KIN;PUJ;AA;[]
SYX;HKG;KA;[]
GAN;CMB;UL;[]
SYZ;DOH;QR;[]
MMY;TYO;NU;[]
MMY;ISG;NU;[]
MMY;OKA;NU;[]
MMY;TRA;NU;[]
KIV;MOW;S7;[]
IEV;DOH;QR;[]
IEV;LON;BA;[]
GAY;CMB;UL;[]
SZG;AAL;HG;[]
SZG;ACE;HG;[]
SZG;BLL;HG;[]
SZG;CFU;HG;[]
SZG;CPH;HG;[]
SZG;MOW;S7;[]
SZG;DUS;AB;[]
SZG;FUE;HG;[]
SZG;HEL;AY;[]
SZG;HER;HG;[]
SZG;LED;S7;[]
SZG;LON;BA;[]
SZG;LPA;HG;[]
SZG;MAN;BA;[]
SZG;PMI;HG;[]
SZG;RHO;HG;[]
SZG;TCI;HG;[]
SZG;BER;AB;[]
ORF;HFD;AA;[]
ORF;BUF;AA;[]
ORF;CLT;AA;[]
ORF;DAY;AA;[]
ORF;WAS;AA;[]
ORF;DFW;AA;[]
ORF;HOU;AA;[]
ORF;IND;AA;[]
ORF;JAX;AA;[]
ORF;NYC;AA;[]
ORF;MEM;AA;[]
ORF;MEX;AA;[]
ORF;MIA;AA;[]
ORF;NAS;AA;[]
ORF;CHI;AA;[]
ORF;PHL;AA;[]
ORF;PIT;AA;[]
ORF;PVD;AA;[]
ORF;RDU;AA;[]
ORF;SAT;AA;[]
ORF;SFO;AA;[]
ORF;SJO;AA;[]
KJA;MOW;S7;[]
KJA;BJS;S7;[]
ORL;AUS;AA;[]
ORL;BOS;AA;[]
ORL;BWI;AA;[]
ORL;CLT;AA;[]
ORL;WAS;AA;[]
ORL;DEN;AA;[]
ORL;DFW;AA;[]
ORL;DUS;AB;[]
ORL;EDI;AA;[]
ORL;NYC;AA;[]
ORL;RIO;JJ;[]
ORL;SAO;JJ;[]
ORL;LAS;AA;[]
ORL;LAX;AA;[]
ORL;LON;-;[]
ORL;LIM;LA;[]
ORL;MAN;AA;[]
ORL;MBJ;AA;[]
ORL;MIA;AA;[]
ORL;MSY;AA;[]
ORL;TYO;AA;[]
ORL;CHI;AA;[]
ORL;PHL;AA;[]
ORL;PHX;AA;[]
ORL;PUJ;AA;[]
ORL;SHA;AA;[]
ORL;RDU;AA;[]
ORL;SAN;AA;[]
ORL;SCL;LA;[]
ORL;SEA;AA;[]
ORL;SFO;AA;[]
ORL;SLC;AA;[]
ORK;MAD;IB;[]
MNL;DOH;QR;[]
MNL;HKG;CX;[]
MNL;KUL;MH;[]
MNL;TYO;JL;[]
MNL;SYD;QF;[]
ORN;MAD;IB;[]
IFP;PHX;AA;[]
OSA;AOJ;JL;[]
OSA;ASJ;JL;[]
OSA;AXT;JL;[]
OSA;SPK;JL;[]
OSA;FUK;JL;[]
OSA;GAJ;JL;[]
OSA;HKD;JL;[]
OSA;HNA;JL;[]
OSA;TYO;JL;[]
OSA;IZO;-;[]
OSA;KIJ;JL;[]
OSA;KMI;JL;[]
OSA;KMJ;JL;[]
OSA;KOJ;JL;[]
OSA;KUM;JC;[]
OSA;MSJ;JL;[]
OSA;MYJ;JL;[]
OSA;NGS;JL;[]
OSA;OIT;JL;[]
OSA;OKA;-;[]
OSA;OKI;JC;[]
OSA;SDJ;JL;[]
OSA;TJH;JC;[]
OSA;TNE;JC;[]
OSA;BKK;JL;[]
OSA;HEL;AY;[]
OSA;HKG;CX;[]
OSA;HNL;JL;[]
OSA;ISG;NU;[]
OSA;KUL;MH;[]
OSA;LAX;JL;[]
OSA;SHA;JL;[]
OSA;SYD;QF;[]
OSA;TPE;-;[]
OSA;VVO;S7;[]
MOB;CLT;AA;[]
MOB;DFW;AA;[]
MOB;EWN;AA;[]
OSL;AAL;BA;[]
OSL;AAR;BA;[]
OSL;BLL;BA;[]
OSL;DOH;QR;[]
OSL;HEL;AY;[]
OSL;LON;BA;[]
OSL;MAD;IB;[]
KKJ;TYO;JL;[]
BZE;HFD;AA;[]
BZE;BOS;AA;[]
BZE;CLT;AA;[]
BZE;DFW;AA;[]
BZE;LAX;AA;[]
BZE;MIA;AA;[]
GCK;DFW;AA;[]
OSS;MOW;S7;[]
OSS;OVB;S7;[]
GCM;CLT;AA;[]
GCM;DFW;AA;[]
GCM;LON;BA;[]
GCM;MIA;AA;[]
GCM;NAS;BA;[]
GCM;PHL;AA;[]
BZK;LED;S7;[]
GCN;GJT;AA;[]
GCN;PHX;AA;[]
MOW;AAQ;S7;[]
MOW;ABA;S7;[]
MOW;AER;S7;[]
MOW;AGP;S7;[]
MOW;ALC;S7;[]
MOW;AMM;RJ;[]
MOW;ASB;S7;[]
MOW;ASF;S7;[]
MOW;BAX;S7;[]
MOW;BCN;S7;[]
MOW;BOJ;S7;[]
MOW;BTK;S7;[]
MOW;BUS;S7;[]
MOW;CAG;S7;[]
MOW;CEK;S7;[]
MOW;CTA;S7;[]
MOW;DBV;S7;[]
MOW;DMB;S7;[]
MOW;DOH;QR;[]
MOW;DUB;S7;[]
MOW;DUS;S7;[]
MOW;EVN;S7;[]
MOW;ROM;S7;[]
MOW;GOA;S7;[]
MOW;GOJ;S7;[]
MOW;BAK;S7;[]
MOW;HTA;S7;[]
MOW;IBZ;S7;[]
MOW;IKT;S7;[]
MOW;INN;S7;[]
MOW;KEJ;S7;[]
MOW;KGD;S7;[]
MOW;KGS;S7;[]
MOW;KIV;S7;[]
MOW;KJA;S7;[]
MOW;KOV;S7;[]
MOW;KRR;S7;[]
MOW;KUF;S7;[]
MOW;KUT;S7;[]
MOW;KZN;S7;[]
MOW;LBD;S7;[]
MOW;LCA;S7;[]
MOW;LED;S7;[]
MOW;LON;BA;[]
MOW;LPK;S7;[]
MOW;MAD;IB;[]
MOW;MJZ;S7;[]
MOW;MMK;S7;[]
MOW;MRV;S7;[]
MOW;MUC;S7;[]
MOW;NAP;S7;[]
MOW;NBC;S7;[]
MOW;NJC;S7;[]
MOW;NOZ;S7;[]
MOW;TYO;JL;[]
MOW;NSK;S7;[]
MOW;NUX;S7;[]
MOW;NYM;S7;[]
MOW;OGZ;S7;[]
MOW;OLB;S7;[]
MOW;OMS;S7;[]
MOW;OSS;S7;[]
MOW;OVB;S7;[]
MOW;PDV;S7;[]
MOW;PEE;S7;[]
MOW;PES;S7;[]
MOW;PEZ;S7;[]
MOW;PFO;S7;[]
MOW;PMI;S7;[]
MOW;PSA;S7;[]
MOW;PUY;S7;[]
MOW;PWQ;S7;[]
MOW;RGK;S7;[]
MOW;RHO;S7;[]
MOW;ROV;S7;[]
MOW;SIP;S7;[]
MOW;SLY;S7;[]
MOW;STW;S7;[]
MOW;SVX;S7;[]
MOW;SZG;S7;[]
MOW;TBS;S7;[]
MOW;TIV;S7;[]
MOW;TJM;S7;[]
MOW;TJU;S7;[]
MOW;TOF;S7;[]
MOW;TRN;S7;[]
MOW;BER;S7;[]
MOW;UFA;S7;[]
MOW;UGC;S7;[]
MOW;UKK;S7;[]
MOW;URA;S7;[]
MOW;URC;S7;[]
MOW;UUD;S7;[]
MOW;VAR;S7;[]
MOW;VIE;S7;[]
MOW;VLC;S7;[]
MOW;VOG;S7;[]
MOW;VOZ;S7;[]
MOW;VRN;S7;[]
MOW;YKS;S7;[]
MOW;HEL;AY;[]
IGR;BUE;LA;[]
MOV;BNE;QF;[]
IGU;AJU;JJ;[]
IGU;BSB;JJ;[]
IGU;SAO;JJ;[]
IGU;BHZ;JJ;[]
IGU;CWB;JJ;[]
IGU;FOR;JJ;[]
IGU;RIO;JJ;[]
IGU;LIM;LA;[]
IGU;MCZ;JJ;[]
IGU;POA;JJ;[]
IGU;SSA;JJ;[]
BZN;DFW;AA;[]
BZN;CHI;AA;[]
VAA;HEL;AY;[]
ZIH;DFW;AA;[]
ZIH;PHX;AA;[]
KKX;ASJ;JC;[]
KKX;KOJ;JC;[]
KLF;LED;S7;[]
VAR;MOW;S7;[]
VAR;HEL;AY;[]
MPL;LON;BA;[]
MPN;PUQ;LA;[]
MPN;RGL;LA;[]
MPN;SCL;LA;[]
MPM;DOH;QR;[]
GDL;DFW;AA;[]
GDL;PHX;AA;[]
GDN;HEL;AY;[]
GDN;BER;AB;[]
KLX;LON;BA;[]
KLX;VIE;HG;[]
GDX;OVB;S7;[]
KMG;CMB;UL;[]
KMG;HKG;KA;[]
KMI;FUK;JL;[]
KMI;TYO;JL;[]
KMI;OSA;JL;[]
OUL;CHQ;AY;[]
OUL;HEL;AY;[]
OUL;PMI;AY;[]
GEG;CLT;AA;[]
GEG;CMH;AA;[]
GEG;DFW;AA;[]
GEG;MZT;AA;[]
GEG;PHX;AA;[]
GEG;SAT;AA;[]
GEG;SAV;AA;[]
GEG;SJD;AA;[]
KMJ;TYO;JL;[]
KMJ;OSA;JL;[]
MQL;MEL;QF;[]
VBY;HEL;AY;[]
KMQ;TYO;JL;[]
KMQ;OKA;NU;[]
MQT;CHI;AA;[]
EAP;HER;HG;[]
EAP;IBZ;HG;[]
EAP;LON;BA;[]
EAP;MAD;IB;[]
EAP;PMI;HG;[]
EAS;MAD;IB;[]
GET;PER;QF;[]
VCE;BOS;AA;[]
VCE;DOH;QR;[]
VCE;DUS;AB;[]
VCE;HEL;AY;[]
VCE;LON;BA;[]
VCE;MAD;IB;[]
VCE;CHI;AA;[]
VCE;PHL;AA;[]
OVB;AAQ;S7;[]
OVB;ABA;S7;[]
OVB;AER;S7;[]
OVB;ALA;S7;[]
OVB;BKK;S7;[]
OVB;BQS;S7;[]
OVB;CEK;S7;[]
OVB;CIT;S7;[]
OVB;MOW;S7;[]
OVB;DUS;S7;[]
OVB;DXB;S7;[]
OVB;DYU;S7;[]
OVB;EVN;S7;[]
OVB;FEG;S7;[]
OVB;FRA;S7;[]
OVB;FRU;S7;[]
OVB;GDX;S7;[]
OVB;BAK;S7;[]
OVB;HKG;S7;[]
OVB;HTA;S7;[]
OVB;SEL;S7;[]
OVB;IKT;S7;[]
OVB;JOK;S7;[]
OVB;KGF;S7;[]
OVB;KHV;S7;[]
OVB;KRR;S7;[]
OVB;KUF;S7;[]
OVB;KZN;S7;[]
OVB;LBD;S7;[]
OVB;LCA;S7;[]
OVB;LED;S7;[]
OVB;MJZ;S7;[]
OVB;MRV;S7;[]
OVB;MUC;S7;[]
OVB;NER;S7;[]
OVB;NJC;S7;[]
OVB;NOJ;S7;[]
OVB;NSK;S7;[]
OVB;NUX;S7;[]
OVB;OHH;S7;[]
OVB;OMS;S7;[]
OVB;OSS;S7;[]
OVB;PEE;S7;[]
OVB;BJS;S7;[]
OVB;PKC;S7;[]
OVB;PRG;S7;[]
OVB;SHA;S7;[]
OVB;PWQ;S7;[]
OVB;RGK;S7;[]
OVB;ROV;S7;[]
OVB;SGC;S7;[]
OVB;SIP;S7;[]
OVB;SVX;S7;[]
OVB;TAS;S7;[]
OVB;TBS;S7;[]
OVB;TJM;S7;[]
OVB;UFA;S7;[]
OVB;UKK;S7;[]
OVB;URC;S7;[]
OVB;UUD;S7;[]
OVB;UUS;S7;[]
OVB;VVO;S7;[]
OVB;YKS;S7;[]
OVD;LON;IB;[]
OVD;LPA;IB;[]
OVD;MAD;IB;[]
OVD;PMI;IB;[]
OVD;TCI;IB;[]
EBB;DOH;QR;[]
EBL;AMM;RJ;[]
EBL;DOH;QR;[]
MRS;LON;BA;[]
MRS;MAD;IB;[]
MRV;MOW;S7;[]
MRV;OVB;S7;[]
MRU;JNB;BA;[]
MRU;LON;BA;[]
VDA;HEL;AY;[]
MRZ;SYD;QF;[]
MRY;PHX;AA;[]
KOA;DFW;AA;[]
KOA;LAX;AA;[]
KOA;TYO;JL;[]
KOA;PHX;AA;[]
ZLO;PHX;AA;[]
MSJ;TYO;JL;[]
MSJ;OSA;JL;[]
MSJ;SPK;JL;[]
GGG;DFW;AA;[]
KOK;HEL;AY;[]
KOK;JYV;AY;[]
KOK;KEM;AY;[]
KOK;TMP;AY;[]
KOJ;ASJ;-;[]
KOJ;FUK;JC;[]
KOJ;TYO;JL;[]
KOJ;OSA;JL;[]
KOJ;KKX;JC;[]
KOJ;KUM;JC;[]
KOJ;MYJ;JC;[]
KOJ;OKE;JC;[]
KOJ;RNJ;JC;[]
KOJ;TKN;-;[]
KOJ;TNE;JC;[]
MSN;CLT;AA;[]
MSN;DFW;AA;[]
MSN;CHI;AA;[]
MSP;ALB;AA;[]
MSP;HFD;AA;[]
MSP;BWI;AA;[]
MSP;CLT;AA;[]
MSP;WAS;AA;[]
MSP;DFW;AA;[]
MSP;NYC;AA;[]
MSP;LAS;AA;[]
MSP;LAX;AA;[]
MSP;LON;AA;[]
MSP;ORL;AA;[]
MSP;MIA;AA;[]
MSP;ONT;AA;[]
MSP;CHI;AA;[]
MSP;PHL;AA;[]
MSP;PHX;AA;[]
MSP;PIT;AA;[]
MSP;PVD;AA;[]
MSP;SEA;AA;[]
MSP;SAC;AA;[]
MSP;SNA;AA;[]
MSP;STL;AA;[]
MSY;BNA;AA;[]
MSY;BTV;AA;[]
MSY;CLT;AA;[]
MSY;WAS;AA;[]
MSY;DFW;AA;[]
MSY;DTT;AA;[]
MSY;GEG;AA;[]
MSY;GSO;AA;[]
MSY;IND;AA;[]
MSY;NYC;AA;[]
MSY;LAX;AA;[]
MSY;LON;-;[]
MSY;MKC;AA;[]
MSY;MIA;AA;[]
MSY;CHI;AA;[]
MSY;PHL;AA;[]
MSY;PIT;AA;[]
MSY;PVD;AA;[]
MSY;RDU;AA;[]
MSY;RIC;AA;[]
MSY;ROC;AA;[]
MSY;SLC;AA;[]
MSY;STL;AA;[]
IKT;BKK;S7;[]
IKT;MOW;S7;[]
IKT;HKG;S7;[]
IKT;SEL;S7;[]
IKT;OVB;S7;[]
IKT;BJS;S7;[]
IKT;UTP;S7;[]
IKT;VVO;S7;[]
KOV;MOW;S7;[]
TAB;ANU;BA;[]
TAB;LON;BA;[]
GGT;CLT;AA;[]
GGT;MIA;AA;[]
TAK;TYO;JL;[]
ILD;PMI;IB;[]
MTJ;CLT;AA;[]
MTJ;DFW;AA;[]
MTJ;LAX;AA;[]
MTJ;CHI;AA;[]
MTJ;PHX;AA;[]
ILE;DFW;AA;[]
TAO;HKG;KA;[]
TAS;OVB;S7;[]
MTR;BOG;LA;[]
EDI;DOH;QR;[]
EDI;HEL;AY;[]
EDI;NYC;AA;[]
EDI;LON;BA;[]
EDI;MAD;IB;[]
EDI;ORL;AA;[]
EDI;PMI;BA;[]
ILM;CLE;AA;[]
ILM;CLT;AA;[]
ILM;WAS;AA;[]
ILM;DFW;AA;[]
ILM;DTT;AA;[]
ILM;GRR;AA;[]
ILM;HSV;AA;[]
ILM;JAX;AA;[]
ILM;NYC;AA;[]
ILM;HAR;AA;[]
ILM;MEM;AA;[]
ILM;MYR;AA;[]
ILM;OKC;AA;[]
ILM;PHL;AA;[]
ILM;PIT;AA;[]
ILM;STL;AA;[]
TAY;HEL;AY;[]
VFA;JNB;BA;[]
VFA;LVI;BA;[]
ZNE;PER;QF;[]
MTY;DFW;AA;[]
MTY;MIA;AA;[]
MUC;ACE;HG;[]
MUC;AGA;HG;[]
MUC;AGP;HG;[]
MUC;AMM;RJ;[]
MUC;CGN;AB;[]
MUC;CTA;AB;[]
MUC;MOW;S7;[]
MUC;DOH;QR;[]
MUC;DUS;AB;[]
MUC;FAO;HG;[]
MUC;FNC;HG;[]
MUC;GWT;AB;[]
MUC;HAM;AB;[]
MUC;HEL;AY;[]
MUC;IBZ;HG;[]
MUC;KGS;HG;[]
MUC;LAX;AA;[]
MUC;LON;BA;[]
MUC;LPA;HG;[]
MUC;MAD;IB;[]
MUC;MLA;HG;[]
MUC;OLB;AB;[]
MUC;OVB;S7;[]
MUC;PHL;AA;[]
MUC;PMI;HG;[]
MUC;SKG;HG;[]
MUC;TCI;HG;[]
MUC;BER;AB;[]
GIB;LON;BA;[]
TBP;LIM;LA;[]
TBS;MOW;S7;[]
TBS;DOH;QR;[]
TBS;BAK;QR;[]
TBS;OVB;S7;[]
CAE;CLT;AA;[]
CAE;WAS;AA;[]
CAE;DFW;AA;[]
CAE;PHL;AA;[]
ZNZ;DOH;QR;[]
CAG;MOW;S7;[]
CAG;LON;BA;[]
CAG;MAD;IB;[]
CAI;AMM;RJ;[]
CAI;LON;BA;[]
CAK;CLT;AA;[]
CAK;WAS;AA;[]
CAK;NYC;AA;[]
CAK;CHI;AA;[]
CAK;PHL;AA;[]
IMP;BSB;JJ;[]
IMP;FOR;JJ;[]
IMP;SAO;JJ;[]
IMP;SLZ;JJ;[]
CAN;CMB;UL;[]
CAN;DOH;QR;[]
CAN;HEL;AY;[]
CAN;HKG;KA;[]
CAN;TYO;JL;[]
CAN;KUL;MH;[]
MUX;DOH;QR;[]
CAP;MIA;AA;[]
CAS;DOH;QR;[]
CAS;MAD;IB;[]
MVD;FLN;JJ;[]
MVD;RIO;JJ;[]
MVD;SAO;JJ;[]
MVD;LIM;LA;[]
MVD;MAD;IB;[]
MVD;MIA;AA;[]
MVD;SCL;LA;[]
TCI;ALC;IB;[]
TCI;BJZ;IB;[]
TCI;LEN;IB;[]
TCI;MAD;IB;[]
TCI;OVD;IB;[]
TCI;SCQ;IB;[]
TCI;VGO;IB;[]
TCI;VLC;IB;[]
TCI;CGN;HG;[]
TCI;DUS;HG;[]
TCI;GRZ;HG;[]
TCI;HAM;HG;[]
TCI;HEL;AY;[]
TCI;LON;BA;[]
TCI;MUC;HG;[]
TCI;NUE;HG;[]
TCI;PAR;IB;[]
TCI;STR;HG;[]
TCI;SZG;HG;[]
TCI;BER;HG;[]
TCI;VIE;HG;[]
TCI;ZRH;HG;[]
IND;ALB;AA;[]
IND;BNA;AA;[]
IND;BOI;AA;[]
IND;BTV;AA;[]
IND;CLT;AA;[]
IND;WAS;AA;[]
IND;DFW;AA;[]
IND;GEG;AA;[]
IND;ILM;AA;[]
IND;JAX;AA;[]
IND;NYC;AA;[]
IND;LAX;AA;[]
IND;MEM;AA;[]
IND;MFE;AA;[]
IND;MIA;AA;[]
IND;MSY;AA;[]
IND;OAK;AA;[]
IND;CHI;AA;[]
IND;PHL;AA;[]
IND;PHX;AA;[]
IND;PVR;AA;[]
IND;PWM;AA;[]
IND;RNO;AA;[]
IND;SAT;AA;[]
IND;YMQ;AA;[]
VGO;BIO;IB;[]
VGO;IBZ;IB;[]
VGO;LPA;IB;[]
VGO;MAD;IB;[]
VGO;PMI;IB;[]
VGO;TCI;IB;[]
VGO;VLC;IB;[]
ZOS;SCL;LA;[]
TCQ;LIM;LA;[]
KRK;HEL;AY;[]
KRK;LON;BA;[]
KRK;MAD;IB;[]
KRK;BER;AB;[]
INN;CPH;HG;[]
INN;MOW;S7;[]
INN;DUS;HG;[]
INN;HAM;HG;[]
INN;HEL;AY;[]
INN;LED;S7;[]
INN;LON;BA;[]
INN;PMI;HG;[]
INN;BER;HG;[]
CBG;GOT;BA;[]
KRR;MOW;S7;[]
KRR;OVB;S7;[]
KRT;AMM;RJ;[]
KRT;DOH;QR;[]
INT;OFI;LA;[]
GJT;BFL;AA;[]
GJT;DFW;AA;[]
GJT;EUG;AA;[]
GJT;PHX;AA;[]
INV;LON;BA;[]
CBR;ADL;QF;[]
CBR;BNE;QF;[]
CBR;DOH;QR;[]
CBR;MEL;QF;[]
CBR;PER;QF;[]
CBR;SYD;QF;[]
EGC;LON;BA;[]
EGE;DFW;AA;[]
EGE;NYC;AA;[]
EGE;LAX;AA;[]
EGE;MIA;AA;[]
EGE;CHI;AA;[]
EGE;PHX;AA;[]
IOM;LON;BA;[]
CCJ;DOH;QR;[]
IOS;SAO;JJ;[]
CCP;ANF;LA;[]
CCP;PUQ;LA;[]
CCP;SCL;LA;[]
CCS;MAD;IB;[]
CCS;MIA;AA;[]
VIE;ACE;HG;[]
VIE;AGA;HG;[]
VIE;AGP;HG;[]
VIE;AMM;RJ;[]
VIE;AOK;HG;[]
VIE;CFU;HG;[]
VIE;CHQ;HG;[]
VIE;CTA;HG;[]
VIE;MOW;S7;[]
VIE;DOH;QR;[]
VIE;DUS;AB;[]
VIE;FAO;HG;[]
VIE;FNC;HG;[]
VIE;FUE;HG;[]
VIE;HEL;AY;[]
VIE;HER;HG;[]
VIE;HRG;HG;[]
VIE;IBZ;HG;[]
VIE;JTR;HG;[]
VIE;KGS;HG;[]
VIE;KLX;HG;[]
VIE;LCA;HG;[]
VIE;LON;BA;[]
VIE;LPA;HG;[]
VIE;MAD;IB;[]
VIE;PMI;HG;[]
VIE;PVK;HG;[]
VIE;RAK;HG;[]
VIE;RHO;HG;[]
VIE;TCI;HG;[]
VIE;BER;AB;[]
VIE;ZTH;HG;[]
CCU;CMB;UL;[]
CCU;DOH;QR;[]
CCU;HKG;KA;[]
ZQN;BNE;QF;[]
ZQN;SYD;QF;[]
XMN;HKG;KA;[]
XMN;KUL;MH;[]
KTA;PER;QF;[]
KTD;MMD;NU;[]
KTD;OKA;NU;[]
GLA;LON;BA;[]
GLA;PHL;AA;[]
IPC;PPT;LA;[]
IPC;SCL;LA;[]
RAK;DOH;QR;[]
RAK;LON;BA;[]
RAK;MAD;IB;[]
RAK;VIE;HG;[]
RAP;DFW;AA;[]
RAP;CHI;AA;[]
VIT;MAH;IB;[]
RAO;SAO;JJ;[]
RAO;BHZ;JJ;[]
RAO;RIO;JJ;[]
VIX;BSB;JJ;[]
VIX;SAO;JJ;[]
VIX;BHZ;JJ;[]
VIX;FLN;JJ;[]
VIX;RIO;JJ;[]
VIX;POA;JJ;[]
KTM;DOH;QR;[]
KTM;HKG;KA;[]
KTM;KUL;MH;[]
KTT;PAR;AY;[]
KTT;HEL;AY;[]
KTT;IVL;AY;[]
KTT;LON;AY;[]
KTT;TKU;AY;[]
KTT;TMP;AY;[]
KTT;ZRH;AY;[]
IPT;PHL;AA;[]
GLT;BNE;QF;[]
ZRH;ACE;HG;[]
ZRH;AMM;RJ;[]
ZRH;BDS;HG;[]
ZRH;CFU;HG;[]
ZRH;DOH;QR;[]
ZRH;DUS;AB;[]
ZRH;FAO;HG;[]
ZRH;FUE;HG;[]
ZRH;GPA;HG;[]
ZRH;GWT;AB;[]
ZRH;HEL;AY;[]
ZRH;HER;HG;[]
ZRH;HKG;CX;[]
ZRH;IBZ;HG;[]
ZRH;NYC;AA;[]
ZRH;KGS;HG;[]
ZRH;KTT;AY;[]
ZRH;LON;BA;[]
ZRH;LPA;HG;[]
ZRH;MAD;IB;[]
ZRH;MIA;AA;[]
ZRH;OLB;AB;[]
ZRH;PHL;AA;[]
ZRH;PMI;HG;[]
ZRH;RHO;HG;[]
ZRH;SMI;HG;[]
ZRH;SUF;HG;[]
ZRH;TCI;HG;[]
ZRH;BER;AB;[]
ZRH;ZTH;HG;[]
KUA;KUL;MH;[]
KUF;MOW;S7;[]
KUF;HEL;AY;[]
KUF;OVB;S7;[]
KUH;TYO;JL;[]
KUH;SPK;JL;[]
MYJ;FUK;JL;[]
MYJ;TYO;JL;[]
MYJ;OSA;JL;[]
MYJ;KOJ;JC;[]
CEB;HKG;CX;[]
KUM;FUK;JC;[]
KUM;OSA;JC;[]
KUM;KOJ;JC;[]
KUL;ADL;MH;[]
KUL;AKL;MH;[]
KUL;AMM;RJ;[]
KUL;AOR;MH;[]
KUL;BKI;MH;[]
KUL;BKK;-;[]
KUL;BLR;MH;[]
KUL;BOM;MH;[]
KUL;BTU;MH;[]
KUL;BWN;MH;[]
KUL;CAN;MH;[]
KUL;JKT;MH;[]
KUL;CKG;MH;[]
KUL;CMB;-;[]
KUL;DAC;MH;[]
KUL;DEL;MH;[]
KUL;DOH;QR;[]
KUL;DPS;MH;[]
KUL;FOC;MH;[]
KUL;HAK;MH;[]
KUL;HAN;MH;[]
KUL;HKG;-;[]
KUL;HKT;MH;[]
KUL;HYD;MH;[]
KUL;SEL;MH;[]
KUL;JED;MH;[]
KUL;JHB;MH;[]
KUL;KBR;MH;[]
KUL;KCH;MH;[]
KUL;OSA;MH;[]
KUL;MES;MH;[]
KUL;KTM;MH;[]
KUL;KUA;MH;[]
KUL;LBU;MH;[]
KUL;LGK;MH;[]
KUL;LON;-;[]
KUL;MAA;MH;[]
KUL;MEL;MH;[]
KUL;MNL;MH;[]
KUL;MYY;MH;[]
KUL;NKG;MH;[]
KUL;TYO;-;[]
KUL;BJS;MH;[]
KUL;PEN;MH;[]
KUL;PER;MH;[]
KUL;PNH;MH;[]
KUL;SHA;MH;[]
KUL;REP;MH;[]
KUL;RGN;MH;[]
KUL;SBW;MH;[]
KUL;SDK;MH;[]
KUL;SGN;MH;[]
KUL;SIN;MH;[]
KUL;SYD;MH;[]
KUL;TGG;MH;[]
KUL;TPE;MH;[]
KUL;TWU;MH;[]
KUL;WUH;MH;[]
KUL;XMN;MH;[]
RBR;BSB;JJ;[]
KUO;HEL;AY;[]
MYR;CHS;AA;[]
MYR;CLT;AA;[]
MYR;WAS;AA;[]
MYR;DFW;AA;[]
MYR;DTT;AA;[]
MYR;FAY;AA;[]
MYR;HAR;AA;[]
MYR;MEM;AA;[]
MYR;PHL;AA;[]
CEK;MOW;S7;[]
CEK;OVB;S7;[]
IQQ;LPB;LA;[]
IQQ;SCL;LA;[]
IQQ;SLA;LA;[]
IQQ;SRZ;LA;[]
ZSA;MIA;AA;[]
KUT;MOW;S7;[]
AAL;AAR;BA;[]
AAL;OSL;BA;[]
AAL;SZG;HG;[]
MYY;KCH;MH;[]
MYY;KUL;MH;[]
MYY;SIN;MH;[]
IQT;LIM;LA;[]
AAQ;MOW;S7;[]
AAQ;OVB;S7;[]
AAR;STO;BA;[]
AAR;GOT;BA;[]
AAR;OSL;BA;[]
TGG;KUL;MH;[]
GND;LON;BA;[]
GND;MIA;AA;[]
GND;SLU;BA;[]
ABA;MOW;S7;[]
ABA;OVB;S7;[]
TGU;MIA;AA;[]
ABE;CLT;AA;[]
ABE;PHL;AA;[]
CFG;MIA;AA;[]
MZT;DFW;AA;[]
MZT;LAX;AA;[]
MZT;PHX;AA;[]
ABI;DFW;AA;[]
VLC;AGP;IB;[]
VLC;BCN;IB;[]
VLC;BIO;IB;[]
VLC;MOW;S7;[]
VLC;IBZ;IB;[]
VLC;LON;BA;[]
VLC;LPA;IB;[]
VLC;MAD;IB;[]
VLC;MAH;IB;[]
VLC;PMI;IB;[]
VLC;SVQ;IB;[]
VLC;TCI;IB;[]
VLC;VGO;IB;[]
GNV;CLT;AA;[]
GNV;MIA;AA;[]
GNV;FYV;AA;[]
ZTH;HEL;AY;[]
ZTH;LON;BA;[]
ZTH;VIE;HG;[]
ZTH;ZRH;HG;[]
ABQ;ATL;AA;[]
ABQ;BHM;AA;[]
ABQ;DFW;AA;[]
ABQ;LAX;AA;[]
ABQ;CHI;AA;[]
ABQ;PHX;AA;[]
THE;BEL;JJ;[]
THE;BSB;JJ;[]
THE;FOR;JJ;[]
THE;SAO;JJ;[]
CFS;SYD;QF;[]
CFU;HEL;AY;[]
CFU;LON;BA;[]
CFU;NUE;HG;[]
CFU;SZG;HG;[]
CFU;BER;HG;[]
CFU;VIE;HG;[]
CFU;ZRH;HG;[]
ABV;LON;BA;[]
ISA;BNE;QF;[]
ISA;CNJ;QF;[]
ISA;TSV;QF;[]
ABX;SYD;QF;[]
VLL;PMI;IB;[]
GOA;MOW;S7;[]
GOA;LON;BA;[]
ABZ;LON;BA;[]
ISB;DOH;QR;[]
RDM;LAX;AA;[]
RDM;PHX;AA;[]
ISG;TYO;NU;[]
ISG;OSA;NU;[]
ISG;MMY;NU;[]
ISG;OGN;NU;[]
ISG;OKA;NU;[]
KWI;AMM;RJ;[]
KWI;CMB;UL;[]
KWI;DOH;QR;[]
KWI;LON;BA;[]
CGB;BSB;JJ;[]
CGB;SAO;JJ;[]
CGB;THE;JJ;[]
THR;DOH;QR;[]
THR;LON;BA;[]
GOI;DOH;QR;[]
GOI;HEL;AY;[]
ACC;LON;BA;[]
KWL;HKG;KA;[]
RDU;HFD;AA;[]
RDU;BNA;AA;[]
RDU;BOS;AA;[]
RDU;BUF;AA;[]
RDU;BWI;AA;[]
RDU;CLT;AA;[]
RDU;CUN;AA;[]
RDU;WAS;AA;[]
RDU;DFW;AA;[]
RDU;DTT;AA;[]
RDU;NYC;AA;[]
RDU;GSO;AA;[]
RDU;LAX;AA;[]
RDU;LON;AA;[]
RDU;MKC;AA;[]
RDU;MEM;AA;[]
RDU;MIA;AA;[]
RDU;MSP;AA;[]
RDU;MSY;AA;[]
RDU;CHI;AA;[]
RDU;PBI;AA;[]
RDU;PHL;AA;[]
RDU;PIT;AA;[]
RDU;ROC;AA;[]
RDU;SAT;AA;[]
RDU;SEA;AA;[]
RDU;SLC;AA;[]
RDU;STL;AA;[]
RDU;YTO;AA;[]
ACE;CGN;HG;[]
ACE;DUS;HG;[]
ACE;HAM;HG;[]
ACE;HEL;AY;[]
ACE;LON;BA;[]
ACE;MAD;IB;[]
ACE;MUC;HG;[]
ACE;SZG;HG;[]
ACE;BER;HG;[]
ACE;VIE;HG;[]
ACE;ZRH;HG;[]
GOJ;MOW;S7;[]
ISP;PHL;AA;[]
CGO;HKG;KA;[]
ISU;AMM;RJ;[]
ISU;DOH;QR;[]
CGN;ACE;HG;[]
CGN;AGP;HG;[]
CGN;FUE;HG;[]
CGN;IBZ;HG;[]
CGN;LPA;HG;[]
CGN;MLA;HG;[]
CGN;MUC;AB;[]
CGN;PMI;HG;[]
CGN;TCI;HG;[]
CGN;BER;AB;[]
IST;AMM;RJ;[]
IST;DOH;QR;[]
IST;LON;BA;[]
GOT;AAR;BA;[]
GOT;CBG;BA;[]
GOT;HEL;AY;[]
GOT;LON;BA;[]
GOT;BER;AB;[]
TIA;LON;BA;[]
CGR;BSB;JJ;[]
CGR;SAO;JJ;[]
REC;BSB;JJ;[]
REC;SAO;JJ;[]
REC;BHZ;JJ;[]
REC;CWB;JJ;[]
REC;BUE;JJ;[]
REC;FOR;JJ;[]
REC;RIO;JJ;[]
REC;IGU;JJ;[]
REC;MIA;JJ;[]
REC;POA;JJ;[]
REC;VIX;JJ;[]
ACT;DFW;AA;[]
PAD;PMI;HG;[]
GPA;ZRH;HG;[]
REK;DUS;AB;[]
REK;HEL;AY;[]
REK;LON;BA;[]
REK;MAD;IB;[]
REK;BER;AB;[]
ITH;PHL;AA;[]
REP;HKG;KA;[]
REP;KUL;MH;[]
CHA;CLT;AA;[]
CHA;WAS;AA;[]
CHA;DFW;AA;[]
CHA;CHI;AA;[]
ADA;DOH;QR;[]
PAP;FLL;AA;[]
PAP;NYC;AA;[]
PAP;MIA;AA;[]
CHC;BNE;QF;[]
CHC;HKG;CX;[]
CHC;MEL;QF;[]
CHC;SYD;QF;[]
PAR;AMM;RJ;[]
PAR;CLT;AA;[]
PAR;DFW;AA;[]
PAR;DOH;QR;[]
PAR;SAO;JJ;[]
PAR;HEL;AY;[]
PAR;HKG;CX;[]
PAR;TYO;JL;[]
PAR;HOU;AA;[]
PAR;NYC;-;[]
PAR;KTT;AY;[]
PAR;LAX;AA;[]
PAR;LON;BA;[]
PAR;MAD;IB;[]
PAR;MIA;AA;[]
PAR;CHI;AA;[]
PAR;PHL;AA;[]
PAR;SAN;AA;[]
PAR;SEA;AA;[]
PAR;SFO;AA;[]
PAR;BER;AB;[]
PAR;TCI;IB;[]
ELH;MIA;AA;[]
TIV;MOW;S7;[]
ADD;DOH;QR;[]
CHI;ABQ;AA;[]
CHI;ALB;AA;[]
CHI;ALO;AA;[]
CHI;AMM;RJ;[]
CHI;ASE;AA;[]
CHI;ATL;AA;[]
CHI;ATW;AA;[]
CHI;AUA;AA;[]
CHI;AUS;AA;[]
CHI;AZO;AA;[]
CHI;BCN;AA;[]
CHI;HFD;AA;[]
CHI;BHM;AA;[]
CHI;BIS;AA;[]
CHI;BMI;AA;[]
CHI;BNA;AA;[]
CHI;BOI;AA;[]
CHI;BOS;AA;[]
CHI;BUF;AA;[]
CHI;BWI;AA;[]
CHI;BZN;AA;[]
CHI;CAK;AA;[]
CHI;PAR;AA;[]
CHI;CHA;AA;[]
CHI;CHO;AA;[]
CHI;CID;AA;[]
CHI;CLE;AA;[]
CHI;CLT;AA;[]
CHI;CMH;AA;[]
CHI;CMI;AA;[]
CHI;COS;AA;[]
CHI;COU;AA;[]
CHI;CUN;AA;[]
CHI;CVG;AA;[]
CHI;AUW;AA;[]
CHI;CZM;AA;[]
CHI;DAY;AA;[]
CHI;DBQ;AA;[]
CHI;WAS;AA;[]
CHI;DEN;AA;[]
CHI;DFW;AA;[]
CHI;DOH;QR;[]
CHI;DSM;AA;[]
CHI;DTT;AA;[]
CHI;DUB;AA;[]
CHI;DUS;AB;[]
CHI;EGE;AA;[]
CHI;ELP;AA;[]
CHI;EVV;AA;[]
CHI;NYC;AA;[]
CHI;FAR;AA;[]
CHI;ROM;AA;[]
CHI;FLL;AA;[]
CHI;FNT;AA;[]
CHI;FSD;AA;[]
CHI;FWA;AA;[]
CHI;GRB;AA;[]
CHI;GRR;AA;[]
CHI;SAO;AA;[]
CHI;GSO;AA;[]
CHI;GSP;AA;[]
CHI;GUA;AA;[]
CHI;HDN;AA;[]
CHI;HEL;AY;[]
CHI;HKG;CX;[]
CHI;HPN;AA;[]
CHI;HSV;AA;[]
CHI;HOU;AA;[]
CHI;ICT;AA;[]
CHI;IND;AA;[]
CHI;JAC;AA;[]
CHI;JAX;AA;[]
CHI;KOA;AA;[]
CHI;LAN;AA;[]
CHI;LAS;AA;[]
CHI;LAX;AA;[]
CHI;LEX;AA;[]
CHI;LON;-;[]
CHI;LIT;AA;[]
CHI;LSE;AA;[]
CHI;MAD;-;[]
CHI;MAN;AA;[]
CHI;MBJ;AA;[]
CHI;MKC;AA;[]
CHI;ORL;AA;[]
CHI;HAR;AA;[]
CHI;MEI;AA;[]
CHI;MEM;AA;[]
CHI;MHK;AA;[]
CHI;MIA;AA;[]
CHI;MKE;AA;[]
CHI;MLI;AA;[]
CHI;MQT;AA;[]
CHI;MSN;AA;[]
CHI;MSP;AA;[]
CHI;MSY;AA;[]
CHI;MTJ;AA;[]
CHI;TYO;-;[]
CHI;OKC;AA;[]
CHI;OMA;AA;[]
CHI;ORF;AA;[]
CHI;PBI;AA;[]
CHI;PDX;AA;[]
CHI;BJS;AA;[]
CHI;PHL;AA;[]
CHI;PHX;AA;[]
CHI;PIA;AA;[]
CHI;LUL;AA;[]
CHI;PIT;AA;[]
CHI;PSP;AA;[]
CHI;PTY;AA;[]
CHI;PUJ;AA;[]
CHI;PVD;AA;[]
CHI;SHA;AA;[]
CHI;PVR;AA;[]
CHI;RAP;AA;[]
CHI;RDU;AA;[]
CHI;RIC;AA;[]
CHI;RNO;AA;[]
CHI;ROC;AA;[]
CHI;RST;AA;[]
CHI;FMY;AA;[]
CHI;SAN;AA;[]
CHI;SAT;AA;[]
CHI;SDF;AA;[]
CHI;SEA;AA;[]
CHI;SFO;AA;[]
CHI;SGF;AA;[]
CHI;SJC;AA;[]
CHI;SJD;AA;[]
CHI;SJU;AA;[]
CHI;SLC;AA;[]
CHI;SAC;AA;[]
CHI;SNA;AA;[]
CHI;STL;AA;[]
CHI;SUX;AA;[]
CHI;SYR;AA;[]
CHI;TOL;AA;[]
CHI;TPA;AA;[]
CHI;TUL;AA;[]
CHI;TUS;AA;[]
CHI;TVC;AA;[]
CHI;BER;AB;[]
CHI;TYS;AA;[]
CHI;VCE;AA;[]
CHI;FYV;AA;[]
CHI;YMQ;AA;[]
CHI;YVR;AA;[]
CHI;YTO;AA;[]
ELP;DFW;AA;[]
ELP;LAX;AA;[]
ELP;CHI;AA;[]
ELP;PHX;AA;[]
ADL;ASP;QF;[]
ADL;BNE;QF;[]
ADL;CBR;QF;[]
ADL;DOH;QR;[]
ADL;DRW;QF;[]
ADL;HKG;CX;[]
ADL;KGC;QF;[]
ADL;KUL;MH;[]
ADL;MEL;QF;[]
ADL;PER;QF;[]
ADL;PLO;QF;[]
ADL;SYD;QF;[]
ADL;WYA;QF;[]
GPT;CLT;AA;[]
GPT;DFW;AA;[]
CHO;CLT;AA;[]
CHO;NYC;AA;[]
CHO;CHI;AA;[]
CHO;PHL;AA;[]
GPS;GYE;XL;[]
GPS;UIO;XL;[]
CHQ;HEL;AY;[]
CHQ;LON;BA;[]
CHQ;OUL;AY;[]
CHQ;VIE;HG;[]
CHS;BUF;AA;[]
CHS;BWI;AA;[]
CHS;CLT;AA;[]
CHS;WAS;AA;[]
CHS;DEN;AA;[]
CHS;DFW;AA;[]
CHS;HOU;AA;[]
CHS;MIA;AA;[]
CHS;MSY;AA;[]
CHS;OMA;AA;[]
CHS;PHL;AA;[]
CHS;PIT;AA;[]
CHS;ROC;AA;[]
CHS;SAT;AA;[]
CHS;SBA;AA;[]
CHS;SYR;AA;[]
PBC;DFW;AA;[]
TJH;OSA;JC;[]
TJM;MOW;S7;[]
TJM;OVB;S7;[]
VNO;HEL;AY;[]
ADZ;BOG;LA;[]
ADZ;CLO;LA;[]
ADZ;CTG;LA;[]
ADZ;MDE;LA;[]
VNS;CMB;UL;[]
PBO;PER;QF;[]
EMD;BNE;QF;[]
TJU;MOW;S7;[]
XRY;MAD;IB;[]
CID;BHM;AA;[]
CID;CHA;AA;[]
CID;CLT;AA;[]
CID;DFW;AA;[]
CID;GNV;AA;[]
CID;GPT;AA;[]
CID;CHI;AA;[]
CID;TLH;AA;[]
AER;MOW;S7;[]
AER;OVB;S7;[]
CIT;OVB;S7;[]
VOG;MOW;S7;[]
CIX;LIM;LA;[]
AEX;DFW;AA;[]
GRB;CHI;AA;[]
RGL;BUE;LA;[]
RGL;MPN;LA;[]
RGL;PUQ;LA;[]
RGL;SCL;LA;[]
TKN;ASJ;JC;[]
TKN;KOJ;-;[]
RGK;MOW;S7;[]
RGK;OVB;S7;[]
PCL;LIM;LA;[]
RGN;DOH;QR;[]
RGN;HKG;KA;[]
RGN;KUL;MH;[]
CJB;CMB;UL;[]
CJA;LIM;LA;[]
ENF;HEL;AY;[]
CJC;LSC;LA;[]
CJC;SCL;LA;[]
TKS;FUK;JL;[]
TKS;TYO;JL;[]
IVL;HEL;AY;[]
IVL;KTT;AY;[]
IVL;LON;AY;[]
KZN;MOW;S7;[]
KZN;HEL;AY;[]
KZN;OVB;S7;[]
GRI;DFW;AA;[]
TKU;HEL;AY;[]
TKU;KTT;AY;[]
TKU;MHQ;AY;[]
VOZ;MOW;S7;[]
GRR;CLT;AA;[]
GRR;WAS;AA;[]
GRR;DFW;AA;[]
GRR;CHI;AA;[]
GRR;PHL;AA;[]
GRX;LON;BA;[]
GRX;MAD;IB;[]
GRZ;PMI;HG;[]
GRZ;TCI;HG;[]
CJU;HKG;KA;[]
TLH;CAK;AA;[]
TLH;CHO;AA;[]
TLH;CLT;AA;[]
TLH;DFW;AA;[]
TLH;LEX;AA;[]
TLH;MEM;AA;[]
TLH;MIA;AA;[]
TLL;HEL;AY;[]
TLL;LON;BA;[]
RHO;MOW;S7;[]
RHO;DUS;HG;[]
RHO;HEL;AY;[]
RHO;LON;BA;[]
RHO;NUE;HG;[]
RHO;SZG;HG;[]
RHO;BER;HG;[]
RHO;VIE;HG;[]
RHO;ZRH;HG;[]
VPS;CLT;AA;[]
VPS;WAS;AA;[]
VPS;DFW;AA;[]
VPS;GSO;AA;[]
VPS;MHT;AA;[]
VPS;MKE;AA;[]
PDL;DUS;HG;[]
TLS;LON;BA;[]
TLS;MAD;IB;[]
AGA;DUS;HG;[]
AGA;MUC;HG;[]
AGA;VIE;HG;[]
PDP;SAO;JJ;[]
PDP;SCL;LA;[]
CKG;DOH;QR;[]
CKG;HEL;AY;[]
CKG;HKG;KA;[]
CKG;KUL;MH;[]
TLV;AMM;RJ;[]
TLV;HEL;AY;[]
TLV;HKG;CX;[]
TLV;LON;BA;[]
TLV;MAD;IB;[]
TLV;BER;AB;[]
GSO;CLT;AA;[]
GSO;WAS;AA;[]
GSO;DFW;AA;[]
GSO;NYC;AA;[]
GSO;MEM;AA;[]
GSO;MIA;AA;[]
GSO;MSY;AA;[]
GSO;CHI;AA;[]
GSO;PHL;AA;[]
PDV;MOW;S7;[]
GSP;CLT;AA;[]
GSP;CVG;AA;[]
GSP;WAS;AA;[]
GSP;DFW;AA;[]
GSP;DTT;AA;[]
GSP;CHI;AA;[]
GSP;PHL;AA;[]
PDX;CLT;AA;[]
PDX;DEN;AA;[]
PDX;DFW;AA;[]
PDX;FLL;AA;[]
PDX;NYC;AA;[]
PDX;LAX;AA;[]
PDX;LON;AA;[]
PDX;CHI;AA;[]
PDX;PHX;AA;[]
AGP;BHX;BA;[]
AGP;BRS;BA;[]
AGP;CGN;HG;[]
AGP;MOW;S7;[]
AGP;DUS;HG;[]
AGP;FMO;HG;[]
AGP;HAM;HG;[]
AGP;HEL;AY;[]
AGP;LON;BA;[]
AGP;MAD;IB;[]
AGP;MAN;BA;[]
AGP;MLN;IB;[]
AGP;MUC;HG;[]
AGP;STR;HG;[]
AGP;BER;HG;[]
AGP;VIE;HG;[]
AGP;VLC;IB;[]
AGS;CLT;AA;[]
RIC;HFD;AA;[]
RIC;BNA;AA;[]
RIC;BWI;AA;[]
RIC;CLT;AA;[]
RIC;DAB;AA;[]
RIC;WAS;AA;[]
RIC;DFW;AA;[]
RIC;HOU;AA;[]
RIC;JAX;AA;[]
RIC;NYC;AA;[]
RIC;MKC;AA;[]
RIC;MIA;AA;[]
RIC;CHI;AA;[]
RIC;ORF;AA;[]
RIC;PHL;AA;[]
RIC;PIT;AA;[]
RIC;PVD;AA;[]
RIC;PWM;AA;[]
RIC;SAT;AA;[]
RIC;SFO;AA;[]
RIC;STL;AA;[]
RIC;TPA;AA;[]
AGU;DFW;AA;[]
PEE;MOW;S7;[]
PEE;OVB;S7;[]
NAG;DOH;QR;[]
PEI;BOG;LA;[]
TMP;HEL;AY;[]
TMP;KTT;AY;[]
PEN;HKG;KA;[]
PEN;KUL;MH;[]
RIO;BEL;JJ;[]
RIO;BPS;JJ;[]
RIO;BSB;JJ;[]
RIO;SAO;JJ;[]
RIO;BHZ;JJ;[]
RIO;CWB;JJ;[]
RIO;DFW;AA;[]
RIO;BUE;JJ;[]
RIO;FLN;JJ;[]
RIO;FOR;JJ;[]
RIO;GYN;JJ;[]
RIO;IGU;JJ;[]
RIO;NYC;AA;[]
RIO;JOI;JJ;[]
RIO;JPA;JJ;[]
RIO;LON;BA;[]
RIO;LIM;LA;[]
RIO;MAD;IB;[]
RIO;MAO;JJ;[]
RIO;ORL;JJ;[]
RIO;MCZ;JJ;[]
RIO;MIA;-;[]
RIO;MVD;JJ;[]
RIO;NAT;JJ;[]
RIO;POA;JJ;[]
RIO;REC;JJ;[]
RIO;SCL;JJ;[]
RIO;SLZ;JJ;[]
RIO;SSA;JJ;[]
RIO;VIX;JJ;[]
PEM;CUZ;LA;[]
PEM;LIM;LA;[]
NAP;MOW;S7;[]
NAP;DUS;AB;[]
NAP;HEL;AY;[]
NAP;LON;BA;[]
NAP;MAD;IB;[]
NAP;STR;AB;[]
NAP;BER;AB;[]
PER;ADL;QF;[]
PER;AKL;QF;[]
PER;ASP;QF;[]
PER;BKI;MH;[]
PER;BME;QF;[]
PER;BNE;QF;[]
PER;CBR;QF;[]
PER;DOH;QR;[]
PER;DRW;QF;[]
PER;GET;QF;[]
PER;HKG;CX;[]
PER;KGI;QF;[]
PER;KTA;QF;[]
PER;KUL;MH;[]
PER;LEA;QF;[]
PER;LON;QF;[]
PER;MEL;QF;[]
PER;PBO;QF;[]
PER;PHE;QF;[]
PER;SIN;QF;[]
PER;SYD;QF;[]
PER;ZNE;QF;[]
CLE;ATL;AA;[]
CLE;CLT;AA;[]
CLE;WAS;AA;[]
CLE;DFW;AA;[]
CLE;IND;AA;[]
CLE;NYC;AA;[]
CLE;MEM;AA;[]
CLE;MIA;AA;[]
CLE;MSY;AA;[]
CLE;NAS;AA;[]
CLE;CHI;AA;[]
CLE;PHL;AA;[]
CLE;RDU;AA;[]
CLE;RIC;AA;[]
CLE;SJD;AA;[]
CLE;TPA;AA;[]
CLE;TYS;AA;[]
CLE;YMQ;AA;[]
RIS;SPK;JL;[]
IXM;CMB;UL;[]
PES;MOW;S7;[]
TMW;SYD;QF;[]
NAT;BSB;JJ;[]
NAT;FOR;JJ;[]
NAT;RIO;JJ;[]
NAT;SAO;JJ;[]
RIX;HEL;AY;[]
NAS;CLT;AA;[]
NAS;WAS;AA;[]
NAS;DFW;AA;[]
NAS;GCM;BA;[]
NAS;LON;BA;[]
NAS;MIA;AA;[]
NAS;PHL;AA;[]
CLL;DFW;AA;[]
PEW;DOH;QR;[]
PEZ;MOW;S7;[]
VRA;DUS;AB;[]
VRA;MIA;AA;[]
VRA;BER;AB;[]
CLO;ADZ;LA;[]
CLO;BOG;LA;[]
CLO;CTG;LA;[]
CLO;MIA;AA;[]
CLT;ABE;AA;[]
CLT;AGS;AA;[]
CLT;ALB;AA;[]
CLT;ANU;AA;[]
CLT;ATL;AA;[]
CLT;AUA;AA;[]
CLT;AUS;AA;[]
CLT;AVL;AA;[]
CLT;AVP;AA;[]
CLT;BCN;AA;[]
CLT;BDA;AA;[]
CLT;HFD;AA;[]
CLT;BGI;AA;[]
CLT;BHM;AA;[]
CLT;BNA;AA;[]
CLT;BOS;AA;[]
CLT;BTR;AA;[]
CLT;BTV;AA;[]
CLT;BUF;AA;[]
CLT;BWI;AA;[]
CLT;BZE;AA;[]
CLT;CAE;AA;[]
CLT;CAK;AA;[]
CLT;PAR;AA;[]
CLT;CHA;AA;[]
CLT;CHO;AA;[]
CLT;CHS;AA;[]
CLT;CID;AA;[]
CLT;CLE;AA;[]
CLT;CMH;AA;[]
CLT;CRW;AA;[]
CLT;CUN;AA;[]
CLT;CUR;AA;[]
CLT;CVG;AA;[]
CLT;CZM;AA;[]
CLT;DAB;AA;[]
CLT;DAY;AA;[]
CLT;WAS;AA;[]
CLT;DEN;AA;[]
CLT;DFW;AA;[]
CLT;DSM;AA;[]
CLT;DTT;AA;[]
CLT;DUB;AA;[]
CLT;EVV;AA;[]
CLT;EWN;AA;[]
CLT;NYC;AA;[]
CLT;EYW;AA;[]
CLT;FAY;AA;[]
CLT;ROM;AA;[]
CLT;FLL;AA;[]
CLT;FLO;AA;[]
CLT;FPO;AA;[]
CLT;FRA;AA;[]
CLT;FWA;AA;[]
CLT;GCM;AA;[]
CLT;GGT;AA;[]
CLT;GNV;AA;[]
CLT;GPT;AA;[]
CLT;GRR;AA;[]
CLT;GSO;AA;[]
CLT;GSP;AA;[]
CLT;HAV;AA;[]
CLT;HHH;AA;[]
CLT;HNL;AA;[]
CLT;HPN;AA;[]
CLT;HSV;AA;[]
CLT;HTS;AA;[]
CLT;HOU;AA;[]
CLT;ILM;AA;[]
CLT;IND;AA;[]
CLT;JAN;AA;[]
CLT;JAX;AA;[]
CLT;LAS;AA;[]
CLT;LAX;AA;[]
CLT;LEX;AA;[]
CLT;LON;AA;[]
CLT;LIR;AA;[]
CLT;LIT;AA;[]
CLT;LYH;AA;[]
CLT;MAD;AA;[]
CLT;MBJ;AA;[]
CLT;MKC;AA;[]
CLT;ORL;AA;[]
CLT;HAR;AA;[]
CLT;MEM;AA;[]
CLT;MEX;AA;[]
CLT;MGM;AA;[]
CLT;MHT;AA;[]
CLT;MIA;AA;[]
CLT;MKE;AA;[]
CLT;MLB;AA;[]
CLT;MOB;AA;[]
CLT;MSN;AA;[]
CLT;MSP;AA;[]
CLT;MSY;AA;[]
CLT;MTJ;AA;[]
CLT;MYR;AA;[]
CLT;NAS;AA;[]
CLT;OAJ;AA;[]
CLT;OKC;AA;[]
CLT;OMA;AA;[]
CLT;CHI;AA;[]
CLT;ORF;AA;[]
CLT;PBI;AA;[]
CLT;PDX;AA;[]
CLT;PGV;AA;[]
CLT;PHF;AA;[]
CLT;PHL;AA;[]
CLT;PHX;AA;[]
CLT;PIA;AA;[]
CLT;PIT;AA;[]
CLT;PLS;AA;[]
CLT;PNS;AA;[]
CLT;POP;AA;[]
CLT;PUJ;AA;[]
CLT;PVD;AA;[]
CLT;PWM;AA;[]
CLT;RDU;AA;[]
CLT;RIC;AA;[]
CLT;ROA;AA;[]
CLT;ROC;AA;[]
CLT;FMY;AA;[]
CLT;SAN;AA;[]
CLT;SAT;AA;[]
CLT;SAV;AA;[]
CLT;SBY;AA;[]
CLT;SDF;AA;[]
CLT;SEA;AA;[]
CLT;SFO;AA;[]
CLT;SGF;AA;[]
CLT;SHV;AA;[]
CLT;SJC;AA;[]
CLT;SJD;AA;[]
CLT;SJO;AA;[]
CLT;SJU;AA;[]
CLT;SKB;AA;[]
CLT;SLC;AA;[]
CLT;SAC;AA;[]
CLT;SRQ;AA;[]
CLT;STL;AA;[]
CLT;STT;AA;[]
CLT;STX;AA;[]
CLT;SXM;AA;[]
CLT;SYR;AA;[]
CLT;TLH;AA;[]
CLT;TOL;AA;[]
CLT;TPA;AA;[]
CLT;TRI;AA;[]
CLT;TUL;AA;[]
CLT;TUS;AA;[]
CLT;TYS;AA;[]
CLT;SLU;AA;[]
CLT;VPS;AA;[]
CLT;FYV;AA;[]
CLT;YMQ;AA;[]
CLT;YTO;AA;[]
TNE;OSA;JC;[]
TNE;KOJ;JC;[]
TNG;MAD;IB;[]
NBC;MOW;S7;[]
CLY;FMM;HG;[]
CLY;SZG;HG;[]
CLY;VIE;HG;[]
GUA;DFW;AA;[]
GUA;MAD;IB;[]
GUA;MIA;AA;[]
GUA;CHI;AA;[]
GUA;SAL;IB;[]
VRN;MOW;S7;[]
VRN;HEL;AY;[]
VRN;LED;S7;[]
VRN;LON;BA;[]
GUC;DFW;AA;[]
RJL;MAD;IB;[]
PFO;MOW;S7;[]
PFO;HEL;AY;[]
PFO;LON;BA;[]
CMB;AUH;UL;[]
CMB;BAH;UL;[]
CMB;BKK;UL;[]
CMB;BLR;UL;[]
CMB;BOM;UL;[]
CMB;CAN;UL;[]
CMB;CCU;UL;[]
CMB;JKT;UL;[]
CMB;CJB;UL;[]
CMB;COK;UL;[]
CMB;DAC;UL;[]
CMB;DEL;UL;[]
CMB;DMM;UL;[]
CMB;DOH;-;[]
CMB;DXB;UL;[]
CMB;GAN;UL;[]
CMB;GAY;UL;[]
CMB;HKG;-;[]
CMB;HYD;UL;[]
CMB;IXM;UL;[]
CMB;JED;UL;[]
CMB;KHI;UL;[]
CMB;KMG;UL;[]
CMB;KUL;-;[]
CMB;KWI;UL;[]
CMB;LHE;UL;[]
CMB;LON;UL;[]
CMB;MAA;UL;[]
CMB;MCT;UL;[]
CMB;MEL;UL;[]
CMB;MLE;UL;[]
CMB;TYO;UL;[]
CMB;BJS;UL;[]
CMB;SHA;UL;[]
CMB;RUH;UL;[]
CMB;SEZ;UL;[]
CMB;SIN;UL;[]
CMB;TRV;UL;[]
CMB;TRZ;UL;[]
CMB;VNS;UL;[]
CMB;VTZ;UL;[]
NBO;DOH;QR;[]
NBO;LON;BA;[]
CMF;LON;BA;[]
CMF;MAN;BA;[]
CMI;DFW;AA;[]
CMI;CHI;AA;[]
GUM;TYO;JL;[]
CMH;BNA;AA;[]
CMH;BOI;AA;[]
CMH;CLT;AA;[]
CMH;WAS;AA;[]
CMH;DFW;AA;[]
CMH;GSP;AA;[]
CMH;NYC;AA;[]
CMH;LAX;AA;[]
CMH;LBB;AA;[]
CMH;HAR;AA;[]
CMH;MIA;AA;[]
CMH;OAK;AA;[]
CMH;CHI;AA;[]
CMH;PHL;AA;[]
CMH;PHX;AA;[]
CMH;SAV;AA;[]
CMH;SLC;AA;[]
CMH;TUS;AA;[]
CMH;YVR;AA;[]
CMH;YTO;AA;[]
TOF;MOW;S7;[]
CMW;MIA;AA;[]
TOL;CLT;AA;[]
TOL;CHI;AA;[]
NCE;DOH;QR;[]
NCE;DUS;AB;[]
NCE;HEL;AY;[]
NCE;LON;BA;[]
NCE;MAD;IB;[]
NCE;MAN;BA;[]
GVA;AMM;RJ;[]
GVA;DOH;QR;[]
GVA;DUS;AB;[]
GVA;HEL;AY;[]
GVA;LON;BA;[]
GVA;MAD;IB;[]
NCL;LON;BA;[]
ERI;PHL;AA;[]
CNJ;ISA;QF;[]
CNJ;TSV;QF;[]
PGV;CLT;AA;[]
IZO;FUK;JC;[]
IZO;TYO;JL;[]
IZO;OSA;-;[]
IZO;OKI;JC;[]
TPA;ALB;AA;[]
TPA;ATL;AA;[]
TPA;HFD;AA;[]
TPA;BNA;AA;[]
TPA;BOS;AA;[]
TPA;CLE;AA;[]
TPA;CLT;AA;[]
TPA;WAS;AA;[]
TPA;DFW;AA;[]
TPA;DTT;AA;[]
TPA;NYC;AA;[]
TPA;FAT;AA;[]
TPA;HOU;AA;[]
TPA;LAX;AA;[]
TPA;LON;BA;[]
TPA;MKC;AA;[]
TPA;MIA;AA;[]
TPA;MSY;AA;[]
TPA;CHI;AA;[]
TPA;PHL;AA;[]
TPA;PHX;AA;[]
TPA;PVD;AA;[]
TPA;RIC;AA;[]
TPA;RNO;AA;[]
TPA;SAT;AA;[]
TPA;SFO;AA;[]
TPA;SJC;AA;[]
TPA;SLC;AA;[]
TPA;TUS;AA;[]
TPE;BKI;MH;[]
TPE;FUK;CX;[]
TPE;HKG;-;[]
TPE;SEL;CX;[]
TPE;OSA;-;[]
TPE;KUL;MH;[]
TPE;NGO;-;[]
TPE;TYO;-;[]
CNS;ASP;QF;[]
CNS;AYQ;QF;[]
CNS;BNE;-;[]
CNS;DRW;QF;[]
CNS;HID;QF;[]
CNS;HKG;CX;[]
CNS;HTI;QF;[]
CNS;MEL;QF;[]
CNS;MKY;QF;[]
CNS;ROK;QF;[]
CNS;SYD;QF;[]
CNS;TSV;QF;[]
CNS;WEI;QF;[]
AJU;SAO;JJ;[]
AJU;IGU;JJ;[]
AJU;POA;JJ;[]
CNX;DOH;QR;[]
CNX;HKG;KA;[]
PHE;BNE;QF;[]
PHE;PER;QF;[]
PHF;CLT;AA;[]
PHF;MLB;AA;[]
PHF;PHL;AA;[]
PHL;ABE;AA;[]
PHL;ALB;AA;[]
PHL;AMS;AA;[]
PHL;ART;AA;[]
PHL;ATH;AA;[]
PHL;ATL;AA;[]
PHL;AUA;AA;[]
PHL;AUS;AA;[]
PHL;AVP;AA;[]
PHL;BCN;AA;[]
PHL;BDA;AA;[]
PHL;HFD;AA;[]
PHL;BGR;AA;[]
PHL;BHM;AA;[]
PHL;BNA;AA;[]
PHL;BOS;AA;[]
PHL;BTV;AA;[]
PHL;BUD;AA;[]
PHL;BUF;AA;[]
PHL;BWI;AA;[]
PHL;CAE;AA;[]
PHL;CAK;AA;[]
PHL;PAR;AA;[]
PHL;CHO;AA;[]
PHL;CHS;AA;[]
PHL;CLE;AA;[]
PHL;CLT;AA;[]
PHL;CMH;AA;[]
PHL;CRW;AA;[]
PHL;CUN;AA;[]
PHL;CVG;AA;[]
PHL;DAY;AA;[]
PHL;WAS;AA;[]
PHL;DEN;AA;[]
PHL;DFW;AA;[]
PHL;DOH;QR;[]
PHL;DTT;AA;[]
PHL;DUB;AA;[]
PHL;ERI;AA;[]
PHL;ROM;AA;[]
PHL;FLL;AA;[]
PHL;FRA;AA;[]
PHL;GCM;AA;[]
PHL;GLA;AA;[]
PHL;GRR;AA;[]
PHL;GSO;AA;[]
PHL;GSP;AA;[]
PHL;HVN;AA;[]
PHL;HOU;AA;[]
PHL;ILM;AA;[]
PHL;IND;AA;[]
PHL;IPT;AA;[]
PHL;ISP;AA;[]
PHL;ITH;AA;[]
PHL;JAX;AA;[]
PHL;LAS;AA;[]
PHL;LAX;AA;[]
PHL;LEX;AA;[]
PHL;NYC;AA;[]
PHL;LON;-;[]
PHL;LIS;AA;[]
PHL;MAD;AA;[]
PHL;MAN;AA;[]
PHL;MBJ;AA;[]
PHL;MKC;AA;[]
PHL;ORL;AA;[]
PHL;HAR;AA;[]
PHL;MEM;AA;[]
PHL;MGA;AA;[]
PHL;MHT;AA;[]
PHL;MIA;AA;[]
PHL;MKE;AA;[]
PHL;MSP;AA;[]
PHL;MSY;AA;[]
PHL;MUC;AA;[]
PHL;MYR;AA;[]
PHL;NAS;AA;[]
PHL;CHI;AA;[]
PHL;ORF;AA;[]
PHL;PBI;AA;[]
PHL;PDX;AA;[]
PHL;PHF;AA;[]
PHL;PHX;AA;[]
PHL;PIT;AA;[]
PHL;PLS;AA;[]
PHL;PRG;AA;[]
PHL;PUJ;AA;[]
PHL;PVD;AA;[]
PHL;PWM;AA;[]
PHL;RDU;AA;[]
PHL;RIC;AA;[]
PHL;ROA;AA;[]
PHL;ROC;AA;[]
PHL;FMY;AA;[]
PHL;SAN;AA;[]
PHL;SAT;AA;[]
PHL;SAV;AA;[]
PHL;SBY;AA;[]
PHL;SCE;AA;[]
PHL;SDF;AA;[]
PHL;SDQ;AA;[]
PHL;SEA;AA;[]
PHL;SFO;AA;[]
PHL;SJU;AA;[]
PHL;SLC;AA;[]
PHL;SAC;AA;[]
PHL;SNN;AA;[]
PHL;STL;AA;[]
PHL;STT;AA;[]
PHL;SXM;AA;[]
PHL;SYR;AA;[]
PHL;TPA;AA;[]
PHL;TYS;AA;[]
PHL;SLU;AA;[]
PHL;VCE;AA;[]
PHL;YOW;AA;[]
PHL;YQB;AA;[]
PHL;YMQ;AA;[]
PHL;YTO;AA;[]
PHL;ZRH;AA;[]
TPP;LIM;LA;[]
VTZ;CMB;UL;[]
COK;CMB;UL;[]
COK;DOH;QR;[]
AKJ;TYO;JL;[]
PHX;ABQ;AA;[]
PHX;ANC;AA;[]
PHX;ASE;AA;[]
PHX;ATL;AA;[]
PHX;AUS;AA;[]
PHX;HFD;AA;[]
PHX;BFL;AA;[]
PHX;BOI;AA;[]
PHX;BOS;AA;[]
PHX;BUR;AA;[]
PHX;BWI;AA;[]
PHX;CLT;AA;[]
PHX;CMH;AA;[]
PHX;CUN;AA;[]
PHX;WAS;AA;[]
PHX;DEN;AA;[]
PHX;DFW;AA;[]
PHX;DRO;AA;[]
PHX;DSM;AA;[]
PHX;DTT;AA;[]
PHX;DUB;AA;[]
PHX;EGE;AA;[]
PHX;ELP;AA;[]
PHX;EUG;AA;[]
PHX;NYC;AA;[]
PHX;FAT;AA;[]
PHX;GCN;AA;[]
PHX;FLL;AA;[]
PHX;FSD;AA;[]
PHX;GDL;AA;[]
PHX;GEG;AA;[]
PHX;GJT;AA;[]
PHX;HMO;AA;[]
PHX;HNL;AA;[]
PHX;HOU;AA;[]
PHX;IFP;AA;[]
PHX;IND;AA;[]
PHX;KOA;AA;[]
PHX;LAS;AA;[]
PHX;LAX;AA;[]
PHX;LBB;AA;[]
PHX;LGB;AA;[]
PHX;LON;-;[]
PHX;LIH;AA;[]
PHX;MAF;AA;[]
PHX;MKC;AA;[]
PHX;ORL;AA;[]
PHX;MEM;AA;[]
PHX;MEX;AA;[]
PHX;MFR;AA;[]
PHX;MIA;AA;[]
PHX;MKE;AA;[]
PHX;MRY;AA;[]
PHX;MSP;AA;[]
PHX;MTJ;AA;[]
PHX;MZT;AA;[]
PHX;OAK;AA;[]
PHX;OGG;AA;[]
PHX;OMA;AA;[]
PHX;ONT;AA;[]
PHX;CHI;AA;[]
PHX;PDX;AA;[]
PHX;PHL;AA;[]
PHX;PIT;AA;[]
PHX;PSP;AA;[]
PHX;PVR;AA;[]
PHX;RDM;AA;[]
PHX;RNO;AA;[]
PHX;ROW;AA;[]
PHX;SAF;AA;[]
PHX;SAN;AA;[]
PHX;SAT;AA;[]
PHX;SBA;AA;[]
PHX;SBP;AA;[]
PHX;SEA;AA;[]
PHX;SFO;AA;[]
PHX;SGU;AA;[]
PHX;SJC;AA;[]
PHX;SJD;AA;[]
PHX;SJO;AA;[]
PHX;SLC;AA;[]
PHX;SAC;AA;[]
PHX;SNA;AA;[]
PHX;STL;AA;[]
PHX;STS;AA;[]
PHX;TPA;AA;[]
PHX;TUS;AA;[]
PHX;YEA;AA;[]
PHX;YUM;AA;[]
PHX;YVR;AA;[]
PHX;ZIH;AA;[]
PHX;ZLO;AA;[]
AKL;BNE;QF;[]
AKL;DOH;QR;[]
AKL;HKG;CX;[]
AKL;KUL;MH;[]
AKL;LAX;AA;[]
AKL;MEL;QF;[]
AKL;PER;QF;[]
AKL;SCL;LA;[]
AKL;SYD;-;[]
GWT;DUS;AB;[]
GWT;MUC;AB;[]
GWT;STR;AB;[]
GWT;ZRH;AB;[]
COS;DFW;AA;[]
COS;CHI;AA;[]
COS;STL;AA;[]
COR;BUE;LA;[]
COR;SAO;JJ;[]
COR;LIM;LA;[]
COR;SCL;LA;[]
RMA;BNE;QF;[]
RMA;CTL;QF;[]
COU;DFW;AA;[]
COU;CHI;AA;[]
PIA;CLT;AA;[]
PIA;DFW;AA;[]
PIA;CHI;AA;[]
PIA;TYS;AA;[]
LAD;LON;BA;[]
RMI;HEL;AY;[]
VUP;BOG;LA;[]
ALA;OVB;S7;[]
ALB;ATL;AA;[]
ALB;BNA;AA;[]
ALB;CLT;AA;[]
ALB;WAS;AA;[]
ALB;ILM;AA;[]
ALB;JAX;AA;[]
ALB;CHI;AA;[]
ALB;ORF;AA;[]
ALB;PBI;AA;[]
ALB;PHL;AA;[]
ALB;FMY;AA;[]
ALB;STL;AA;[]
ALB;TPA;AA;[]
RMQ;HKG;KA;[]
ALC;BIO;IB;[]
ALC;MOW;S7;[]
ALC;DUS;HG;[]
ALC;HEL;AY;[]
ALC;IBZ;IB;[]
ALC;LON;BA;[]
ALC;LPA;IB;[]
ALC;MAD;IB;[]
ALC;MAN;BA;[]
ALC;PMI;IB;[]
ALC;TCI;IB;[]
LAN;WAS;AA;[]
LAN;CHI;AA;[]
CPH;DOH;QR;[]
CPH;DUS;AB;[]
CPH;HEL;AY;[]
CPH;HKG;CX;[]
CPH;INN;HG;[]
CPH;LON;BA;[]
CPH;MAD;IB;[]
CPH;SZG;HG;[]
CPH;BER;AB;[]
NER;OVB;S7;[]
PIT;AGS;AA;[]
PIT;BNA;AA;[]
PIT;BOI;AA;[]
PIT;BOS;AA;[]
PIT;CHS;AA;[]
PIT;CLT;AA;[]
PIT;CUN;AA;[]
PIT;CVG;AA;[]
PIT;WAS;AA;[]
PIT;DEN;AA;[]
PIT;DFW;AA;[]
PIT;GCM;AA;[]
PIT;HOU;AA;[]
PIT;NYC;AA;[]
PIT;LAS;AA;[]
PIT;LIT;AA;[]
PIT;MKC;AA;[]
PIT;MIA;AA;[]
PIT;MSY;AA;[]
PIT;MZT;AA;[]
PIT;NAS;AA;[]
PIT;CHI;AA;[]
PIT;PBI;AA;[]
PIT;PHL;AA;[]
PIT;PHX;AA;[]
PIT;PWM;AA;[]
PIT;RDU;AA;[]
PIT;RIC;AA;[]
PIT;SJC;AA;[]
PIT;SAC;AA;[]
PIT;STL;AA;[]
PIT;SXM;AA;[]
PIT;TPA;AA;[]
PIT;YVR;AA;[]
ALG;AMM;RJ;[]
ALG;DOH;QR;[]
ALG;LON;BA;[]
ALG;MAD;IB;[]
PIU;LIM;LA;[]
LAS;ATL;AA;[]
LAS;HFD;AA;[]
LAS;BOS;AA;[]
LAS;CLT;AA;[]
LAS;CUN;AA;[]
LAS;WAS;AA;[]
LAS;DEN;AA;[]
LAS;DFW;AA;[]
LAS;DSM;AA;[]
LAS;FLL;AA;[]
LAS;TYO;AA;[]
LAS;HOU;AA;[]
LAS;NYC;AA;[]
LAS;LAX;AA;[]
LAS;LON;BA;[]
LAS;MAN;AA;[]
LAS;MKC;AA;[]
LAS;MIA;AA;[]
LAS;MSP;AA;[]
LAS;MVD;AA;[]
LAS;CHI;AA;[]
LAS;BJS;AA;[]
LAS;PHL;AA;[]
LAS;PHX;AA;[]
LAS;PVD;AA;[]
LAS;PVR;AA;[]
LAS;FMY;AA;[]
LAS;SJD;AA;[]
LAS;SYD;AA;[]
LAS;TPA;AA;[]
LAX;ABQ;AA;[]
LAX;AKL;AA;[]
LAX;ANC;AA;[]
LAX;ASE;AA;[]
LAX;ATL;AA;[]
LAX;AUS;AA;[]
LAX;BCN;IB;[]
LAX;HFD;AA;[]
LAX;BNA;AA;[]
LAX;BNE;QF;[]
LAX;BOS;AA;[]
LAX;BZE;AA;[]
LAX;CLT;AA;[]
LAX;CMH;AA;[]
LAX;CUN;AA;[]
LAX;WAS;AA;[]
LAX;DEN;AA;[]
LAX;DFW;AA;[]
LAX;DOH;QR;[]
LAX;DUB;AA;[]
LAX;DUS;AB;[]
LAX;EGE;AA;[]
LAX;ELP;AA;[]
LAX;EUG;AA;[]
LAX;FAT;AA;[]
LAX;ROM;AA;[]
LAX;FLL;AA;[]
LAX;FRA;AA;[]
LAX;SAO;AA;[]
LAX;HKG;-;[]
LAX;TYO;-;[]
LAX;HNL;AA;[]
LAX;HOU;AA;[]
LAX;IND;AA;[]
LAX;JAC;AA;[]
LAX;NYC;AA;[]
LAX;OSA;JL;[]
LAX;KOA;AA;[]
LAX;LAS;AA;[]
LAX;LON;-;[]
LAX;LIH;AA;[]
LAX;LIM;LA;[]
LAX;MAD;-;[]
LAX;MBJ;AA;[]
LAX;MKC;AA;[]
LAX;ORL;AA;[]
LAX;MEL;QF;[]
LAX;MEX;AA;[]
LAX;MFR;AA;[]
LAX;MIA;AA;[]
LAX;MSP;AA;[]
LAX;MSY;AA;[]
LAX;MTJ;AA;[]
LAX;MUC;AA;[]
LAX;MZT;AA;[]
LAX;OGG;AA;[]
LAX;OKC;AA;[]
LAX;OMA;AA;[]
LAX;CHI;AA;[]
LAX;PBI;AA;[]
LAX;PDX;AA;[]
LAX;BJS;AA;[]
LAX;PHL;AA;[]
LAX;PHX;AA;[]
LAX;SHA;AA;[]
LAX;PVR;AA;[]
LAX;PWM;AA;[]
LAX;RDM;AA;[]
LAX;RDU;AA;[]
LAX;RNO;AA;[]
LAX;SAN;AA;[]
LAX;SAT;AA;[]
LAX;SCL;LA;[]
LAX;SEA;AA;[]
LAX;SFO;AA;[]
LAX;SJC;AA;[]
LAX;SJD;AA;[]
LAX;SLC;AA;[]
LAX;SAC;AA;[]
LAX;STL;AA;[]
LAX;SYD;-;[]
LAX;TUS;AA;[]
LAX;FYV;AA;[]
LAX;YVR;AA;[]
LAX;YTO;AA;[]
TRA;MMY;NU;[]
CPO;SCL;LA;[]
LAW;DFW;AA;[]
ALO;CHI;AA;[]
TRC;DFW;AA;[]
CPT;DOH;QR;[]
CPT;DUR;BA;[]
CPT;JNB;BA;[]
CPT;LON;BA;[]
CPT;PLZ;BA;[]
LBA;LON;BA;[]
TRI;CLT;AA;[]
LBB;BFL;AA;[]
LBB;DFW;AA;[]
LBB;LAX;AA;[]
LBB;ONT;AA;[]
LBB;PHX;AA;[]
VVO;HKG;S7;[]
VVO;SEL;S7;[]
VVO;IKT;S7;[]
VVO;KHV;S7;[]
VVO;OSA;S7;[]
VVO;TYO;S7;[]
VVO;OVB;S7;[]
VVO;BJS;S7;[]
VVO;PKC;S7;[]
VVO;SHA;S7;[]
VVO;UUS;S7;[]
LBD;MOW;S7;[]
LBD;OVB;S7;[]
RNJ;ASJ;JC;[]
RNJ;KOJ;JC;[]
RNJ;OKA;NU;[]
RNJ;OKE;JC;[]
TRN;MOW;S7;[]
TRN;LED;S7;[]
TRN;LON;BA;[]
TRN;MAD;IB;[]
GYE;GPS;XL;[]
GYE;NYC;XL;[]
GYE;LIM;LA;[]
GYE;MAD;LA;[]
GYE;MIA;AA;[]
GYE;SCL;LA;[]
GYE;SCY;XL;[]
GYE;UIO;XL;[]
RNO;ATL;AA;[]
RNO;DFW;AA;[]
RNO;LAX;AA;[]
RNO;MSP;AA;[]
RNO;CHI;AA;[]
RNO;PHL;AA;[]
RNO;PHX;AA;[]
RNO;TPA;AA;[]
AMA;DFW;AA;[]
EUG;LAX;AA;[]
EUG;PHX;AA;[]
RNS;MAD;IB;[]
TRU;CUZ;LA;[]
TRU;LIM;LA;[]
AMD;DOH;QR;[]
TRV;CMB;UL;[]
TRV;DOH;QR;[]
GYN;BSB;JJ;[]
GYN;SAO;JJ;[]
GYN;RIO;JJ;[]
GYN;POA;JJ;[]
GYN;UDI;JJ;[]
TRZ;CMB;UL;[]
LBU;KUL;MH;[]
AMM;AMM;RJ;[]
AMM;ALG;RJ;[]
AMM;AMS;RJ;[]
AMM;AQJ;RJ;[]
AMM;ATH;RJ;[]
AMM;AUH;RJ;[]
AMM;BCN;RJ;[]
AMM;BEY;RJ;[]
AMM;BGW;RJ;[]
AMM;BKK;RJ;[]
AMM;BSR;RJ;[]
AMM;CAI;RJ;[]
AMM;PAR;RJ;[]
AMM;MOW;RJ;[]
AMM;DMM;RJ;[]
AMM;DOH;-;[]
AMM;DTT;RJ;[]
AMM;DXB;RJ;[]
AMM;EBL;RJ;[]
AMM;ROM;RJ;[]
AMM;FRA;RJ;[]
AMM;GVA;RJ;[]
AMM;HKG;RJ;[]
AMM;IST;RJ;[]
AMM;ISU;RJ;[]
AMM;JED;RJ;[]
AMM;NYC;RJ;[]
AMM;KRT;RJ;[]
AMM;KUL;RJ;[]
AMM;KWI;RJ;[]
AMM;LCA;RJ;[]
AMM;LON;-;[]
AMM;MAD;RJ;[]
AMM;MED;RJ;[]
AMM;MUC;RJ;[]
AMM;NJF;RJ;[]
AMM;CHI;RJ;[]
AMM;RUH;RJ;[]
AMM;TLV;RJ;[]
AMM;TUN;RJ;[]
AMM;BER;RJ;[]
AMM;VIE;RJ;[]
AMM;YMQ;RJ;[]
AMM;ZRH;RJ;[]
ROA;CLT;AA;[]
ROA;NYC;AA;[]
ROA;PHL;AA;[]
AMS;AMM;RJ;[]
AMS;BOS;AA;[]
AMS;DFW;AA;[]
AMS;DOH;QR;[]
AMS;HEL;AY;[]
AMS;HKG;CX;[]
AMS;LON;BA;[]
AMS;MAD;IB;[]
AMS;PHL;AA;[]
ROC;BOS;AA;[]
ROC;CLT;AA;[]
ROC;WAS;AA;[]
ROC;GCM;AA;[]
ROC;CHI;AA;[]
ROC;PHL;AA;[]
NGB;HKG;KA;[]
PKC;OVB;S7;[]
PKC;VVO;S7;[]
LCA;AMM;RJ;[]
LCA;MOW;S7;[]
LCA;DOH;QR;[]
LCA;JOK;S7;[]
LCA;LON;BA;[]
LCA;OVB;S7;[]
LCA;VIE;HG;[]
TSN;NGO;JL;[]
ROK;BNE;QF;[]
ROK;CNS;QF;[]
ROK;MKY;QF;[]
ROK;TSV;QF;[]
LCH;DFW;AA;[]
LCG;MAD;IB;[]
ROM;AMM;RJ;[]
ROM;ATL;AA;[]
ROM;CLT;AA;[]
ROM;DFW;AA;[]
ROM;MOW;S7;[]
ROM;DOH;QR;[]
ROM;DUS;AB;[]
ROM;HEL;AY;[]
ROM;HKG;CX;[]
ROM;NYC;AA;[]
ROM;LON;BA;[]
ROM;MAD;IB;[]
ROM;MIA;AA;[]
ROM;CHI;AA;[]
ROM;PHL;AA;[]
ROM;SFO;AA;[]
ROM;BER;AB;[]
CRD;BUE;LA;[]
ANC;DFW;AA;[]
ANC;LAX;AA;[]
ANC;PHX;AA;[]
TSV;BNE;QF;[]
TSV;CNJ;QF;[]
TSV;CNS;QF;[]
TSV;ISA;QF;[]
TSV;MKY;QF;[]
TSV;ROK;QF;[]
NGO;BKK;JL;[]
NGO;SPK;JL;[]
NGO;HEL;AY;[]
NGO;HKG;CX;[]
NGO;TYO;JL;[]
NGO;HNL;JL;[]
NGO;OKA;NU;[]
NGO;SHA;JL;[]
NGO;TPE;-;[]
NGO;TSN;JL;[]
ROS;SAO;JJ;[]
ROS;LIM;LA;[]
ROS;SCL;-;[]
ROV;MOW;S7;[]
ROV;OVB;S7;[]
ANF;CCP;LA;[]
ANF;CJC;LA;[]
ANF;IQQ;LA;[]
ANF;LIM;LA;[]
ANF;LSC;LA;[]
ANF;SCL;LA;[]
NGS;TYO;JL;[]
NGS;OSA;JL;[]
ROW;DFW;AA;[]
ROW;PHX;AA;[]
ROW;YUM;AA;[]
EVN;MOW;S7;[]
EVN;DOH;QR;[]
EVN;OVB;S7;[]
GZP;HEL;AY;[]
CRK;DOH;QR;[]
CRK;HKG;KA;[]
ANK;DOH;QR;[]
CRP;DFW;AA;[]
EVV;CLT;AA;[]
EVV;DFW;AA;[]
EVV;CHI;AA;[]
ANU;CLT;AA;[]
ANU;NYC;AA;[]
ANU;LON;BA;[]
ANU;MIA;AA;[]
ANU;PLS;BA;[]
ANU;SKB;BA;[]
ANU;TAB;BA;[]
CRW;CLT;AA;[]
CRW;WAS;AA;[]
CRW;PHL;AA;[]
LDB;SAO;JJ;[]
LDH;BNE;QF;[]
LDH;PQQ;QF;[]
LDH;SYD;QF;[]
PLO;ADL;QF;[]
PLS;ANU;BA;[]
PLS;BOS;AA;[]
PLS;CLT;AA;[]
PLS;DFW;AA;[]
PLS;LON;BA;[]
PLS;MIA;AA;[]
PLS;PHL;AA;[]
AOJ;SPK;JL;[]
AOJ;TYO;JL;[]
AOJ;OSA;JL;[]
AOK;VIE;HG;[]
EWN;CLT;AA;[]
EWN;GSO;AA;[]
PLZ;CPT;BA;[]
PLZ;DUR;BA;[]
PLZ;JNB;BA;[]
TUC;BUE;LA;[]
TUC;LIM;LA;[]
TUC;SCL;LA;[]
AOR;KUL;MH;[]
PMC;BBA;LA;[]
PMC;PUQ;LA;[]
PMC;SCL;LA;[]
CSX;HKG;KA;[]
LEA;PER;QF;[]
LED;BZK;S7;[]
LED;MOW;S7;[]
LED;HEL;AY;[]
LED;IAR;S7;[]
LED;INN;S7;[]
LED;KGD;S7;[]
LED;KLF;S7;[]
LED;LON;BA;[]
LED;LYS;S7;[]
LED;MAD;IB;[]
LED;OVB;S7;[]
LED;SZG;S7;[]
LED;TRN;S7;[]
LED;BER;S7;[]
LED;VRN;S7;[]
TUL;CHS;AA;[]
TUL;CLT;AA;[]
TUL;DFW;AA;[]
TUL;ILM;AA;[]
TUL;ORL;AA;[]
TUL;MIA;AA;[]
TUL;CHI;AA;[]
TUL;RIC;AA;[]
TUN;AMM;RJ;[]
TUN;DOH;QR;[]
JAC;DFW;AA;[]
JAC;LAX;AA;[]
JAC;CHI;AA;[]
PMI;ALC;IB;[]
PMI;BHX;BA;[]
PMI;BRS;BA;[]
PMI;EAP;HG;[]
PMI;CGN;HG;[]
PMI;MOW;S7;[]
PMI;DUS;HG;[]
PMI;EDI;BA;[]
PMI;FKB;HG;[]
PMI;FMO;HG;[]
PMI;FRA;HG;[]
PMI;GRZ;HG;[]
PMI;HAJ;HG;[]
PMI;HAM;HG;[]
PMI;HEL;AY;[]
PMI;IBZ;IB;[]
PMI;ILD;IB;[]
PMI;INN;HG;[]
PMI;LON;BA;[]
PMI;LEI;IB;[]
PMI;LEJ;HG;[]
PMI;LEN;IB;[]
PMI;MAD;IB;[]
PMI;MAH;IB;[]
PMI;MAN;BA;[]
PMI;MUC;HG;[]
PMI;NUE;HG;[]
PMI;OUL;AY;[]
PMI;OVD;IB;[]
PMI;PAD;HG;[]
PMI;SCN;HG;[]
PMI;SCQ;IB;[]
PMI;STR;HG;[]
PMI;SZG;HG;[]
PMI;BER;HG;[]
PMI;VGO;IB;[]
PMI;VIE;HG;[]
PMI;VLC;IB;[]
PMI;VLL;IB;[]
PMI;ZRH;HG;[]
JAE;LIM;LA;[]
LEJ;PMI;HG;[]
CTA;MOW;S7;[]
CTA;DUS;AB;[]
CTA;HEL;AY;[]
CTA;LON;BA;[]
CTA;MAD;IB;[]
CTA;MUC;AB;[]
CTA;BER;AB;[]
CTA;VIE;HG;[]
LEI;MAD;IB;[]
LEI;PMI;IB;[]
LEI;SVQ;IB;[]
PMO;LON;BA;[]
TUS;WAS;AA;[]
TUS;DFW;AA;[]
TUS;FAT;AA;[]
TUS;LAX;AA;[]
TUS;LON;AA;[]
TUS;MSP;AA;[]
TUS;CHI;AA;[]
TUS;PHX;AA;[]
LEN;BCN;IB;[]
LEN;IBZ;IB;[]
LEN;MAH;IB;[]
LEN;PMI;IB;[]
LEN;TCI;IB;[]
JAN;CLT;AA;[]
JAN;WAS;AA;[]
JAN;DFW;AA;[]
CTG;ADZ;LA;[]
CTG;BOG;LA;[]
CTG;CLO;LA;[]
CTG;LIM;LA;[]
CTG;MDE;LA;[]
CTG;MIA;AA;[]
CTL;BNE;QF;[]
CTL;RMA;QF;[]
LET;BOG;LA;[]
PMW;BSB;JJ;[]
PMW;SAO;JJ;[]
PMW;CWB;JJ;[]
LEX;CLT;AA;[]
LEX;DFW;AA;[]
LEX;HSV;AA;[]
LEX;CHI;AA;[]
LEX;PHL;AA;[]
JAU;LIM;LA;[]
JAX;ALB;AA;[]
JAX;AUS;AA;[]
JAX;HFD;AA;[]
JAX;BHM;AA;[]
JAX;BOS;AA;[]
JAX;BWI;AA;[]
JAX;CHS;AA;[]
JAX;CLE;AA;[]
JAX;CLT;AA;[]
JAX;WAS;AA;[]
JAX;DFW;AA;[]
JAX;HOU;AA;[]
JAX;IND;AA;[]
JAX;NYC;AA;[]
JAX;MKC;AA;[]
JAX;MIA;AA;[]
JAX;CHI;AA;[]
JAX;PHL;AA;[]
JAX;PIT;AA;[]
JAX;RDU;AA;[]
JAX;SAT;AA;[]
JAX;STL;AA;[]
JAX;FYV;AA;[]
TVC;CHI;AA;[]
PNA;MAD;IB;[]
CTU;DOH;QR;[]
CTU;HKG;KA;[]
NJC;MOW;S7;[]
NJC;OVB;S7;[]
NJF;AMM;RJ;[]
NJF;DOH;QR;[]
PNH;DOH;QR;[]
PNH;HKG;KA;[]
PNH;KUL;MH;[]
PNH;SGN;QR;[]
CUC;BOG;LA;[]
CUE;UIO;XL;[]
PNS;CLT;AA;[]
PNS;WAS;AA;[]
PNS;DFW;AA;[]
PNS;MIA;AA;[]
PNT;PUQ;LA;[]
PNT;SCL;LA;[]
AQJ;AMM;RJ;[]
LFT;DFW;AA;[]
CUN;BNA;AA;[]
CUN;BOG;LA;[]
CUN;BOS;AA;[]
CUN;CLT;AA;[]
CUN;DFW;AA;[]
CUN;DUS;AB;[]
CUN;NYC;AA;[]
CUN;LAS;AA;[]
CUN;LAX;AA;[]
CUN;LON;BA;[]
CUN;LIM;LA;[]
CUN;MKC;AA;[]
CUN;MIA;AA;[]
CUN;CHI;AA;[]
CUN;PHL;AA;[]
CUN;PHX;AA;[]
CUN;PIT;AA;[]
CUN;RDU;AA;[]
CUN;SCL;LA;[]
EYP;BOG;LA;[]
TWB;SYD;QF;[]
AQP;CUZ;LA;[]
AQP;LIM;LA;[]
CUR;CLT;AA;[]
CUR;DUS;AB;[]
CUR;MIA;AA;[]
CUU;DFW;AA;[]
EYW;CLT;AA;[]
EYW;WAS;AA;[]
EYW;MIA;AA;[]
POA;BSB;JJ;[]
POA;SAO;JJ;[]
POA;CWB;JJ;[]
POA;FLN;JJ;[]
POA;RIO;JJ;[]
POA;IGU;JJ;[]
POA;MAO;JJ;[]
POA;SJP;JJ;[]
POA;SSA;JJ;[]
POA;VIX;JJ;[]
LGB;PHX;AA;[]
CUZ;AQP;LA;[]
CUZ;JUL;LA;[]
CUZ;LIM;LA;[]
CUZ;PEM;LA;[]
CUZ;TRU;LA;[]
NKG;HEL;AY;[]
NKG;HKG;KA;[]
NKG;KUL;MH;[]
POM;BNE;QF;[]
POP;CLT;AA;[]
POP;DUS;AB;[]
POP;HEL;AY;[]
POP;MIA;AA;[]
LGK;KUL;MH;[]
RST;CHI;AA;[]
TWU;BKI;MH;[]
TWU;KUL;MH;[]
CVG;AMA;AA;[]
CVG;BHM;AA;[]
CVG;CHO;AA;[]
CVG;CLT;AA;[]
CVG;WAS;AA;[]
CVG;DFW;AA;[]
CVG;NYC;AA;[]
CVG;MIA;AA;[]
CVG;CHI;AA;[]
CVG;PHL;AA;[]
CVG;SRQ;AA;[]
POS;LON;BA;[]
POS;MIA;AA;[]
POS;SLU;BA;[]
ARI;SCL;LA;[]
ARM;SYD;QF;[]
RTB;DFW;AA;[]
RTB;MIA;AA;[]
ART;PHL;AA;[]
TXK;DFW;AA;[]
LHE;CMB;UL;[]
LHE;DOH;QR;[]
RTM;LON;BA;[]
CWB;BSB;JJ;[]
CWB;SAO;JJ;[]
CWB;CGR;JJ;[]
CWB;RIO;JJ;[]
CWB;IGU;JJ;[]
CWB;JPA;JJ;[]
CWB;POA;JJ;[]
CWB;REC;JJ;[]
CWB;SSA;JJ;[]
CWB;VIX;JJ;[]
ASB;MOW;S7;[]
ASE;DFW;AA;[]
ASE;LAX;AA;[]
ASE;CHI;AA;[]
ASE;PHX;AA;[]
ASF;MOW;S7;[]
PPT;IPC;LA;[]
PPT;SCL;LA;[]
ASJ;FUK;JL;[]
ASJ;TYO;JL;[]
ASJ;OSA;JL;[]
ASJ;KKX;JC;[]
ASJ;KOJ;-;[]
ASJ;OKA;NU;[]
ASJ;OKE;JC;[]
ASJ;RNJ;JC;[]
ASJ;TKN;JC;[]
CWL;DOH;QR;[]
ASP;ADL;QF;[]
ASP;AYQ;QF;[]
ASP;BNE;QF;[]
ASP;CNS;QF;[]
ASP;DRW;QF;[]
ASP;MEL;QF;[]
ASP;PER;QF;[]
ASP;SYD;QF;[]
RUH;AMM;RJ;[]
RUH;CMB;UL;[]
RUH;LON;BA;[]
TYL;LIM;LA;[]
JED;AMM;RJ;[]
JED;CMB;UL;[]
JED;KUL;MH;[]
JED;LON;BA;[]
LIH;DFW;AA;[]
LIH;LAX;AA;[]
LIH;PHX;AA;[]
TYO;AKJ;JL;[]
TYO;AOJ;JL;[]
TYO;ASJ;JL;[]
TYO;AXT;JL;[]
TYO;BKK;JL;[]
TYO;CAN;JL;[]
TYO;PAR;JL;[]
TYO;SPK;JL;[]
TYO;DOH;QR;[]
TYO;FUK;JL;[]
TYO;GAJ;JL;[]
TYO;SEL;JL;[]
TYO;HIJ;JL;[]
TYO;HKD;JL;[]
TYO;HKG;-;[]
TYO;ISG;NU;[]
TYO;OSA;JL;[]
TYO;IZO;JL;[]
TYO;NYC;JL;[]
TYO;KCZ;JL;[]
TYO;KKJ;JL;[]
TYO;KMI;JL;[]
TYO;KMJ;JL;[]
TYO;KMQ;JL;[]
TYO;KOJ;JL;[]
TYO;KUH;JL;[]
TYO;LAS;AA;[]
TYO;LAX;-;[]
TYO;LON;-;[]
TYO;MMB;JL;[]
TYO;MMY;NU;[]
TYO;MSJ;JL;[]
TYO;MYJ;JL;[]
TYO;NGO;JL;[]
TYO;NGS;JL;[]
TYO;OBO;JL;[]
TYO;OIT;JL;[]
TYO;OKA;JL;[]
TYO;OKJ;JL;[]
TYO;BJS;JL;[]
TYO;SHA;JL;[]
TYO;SFO;JL;[]
TYO;SGN;JL;[]
TYO;SHM;JL;[]
TYO;SIN;JL;[]
TYO;SYD;-;[]
TYO;TAK;JL;[]
TYO;TKS;JL;[]
TYO;TPE;-;[]
TYO;UBJ;JL;[]
TYO;BKI;MH;[]
TYO;BNE;QF;[]
TYO;BOS;JL;[]
TYO;JKT;JL;[]
TYO;CMB;UL;[]
TYO;WAS;AA;[]
TYO;DEL;JL;[]
TYO;DFW;-;[]
TYO;DLC;JL;[]
TYO;MOW;JL;[]
TYO;FRA;JL;[]
TYO;GUM;JL;[]
TYO;HAN;JL;[]
TYO;HEL;-;[]
TYO;HNL;JL;[]
TYO;KHH;JL;[]
TYO;KHV;S7;[]
TYO;KOA;JL;[]
TYO;KUL;-;[]
TYO;MAD;IB;[]
TYO;ORL;AA;[]
TYO;MEL;-;[]
TYO;MIA;AA;[]
TYO;MNL;JL;[]
TYO;CHI;-;[]
TYO;PUS;JL;[]
TYO;SAN;JL;[]
TYO;VVO;S7;[]
TYO;YVR;JL;[]
LIG;LON;BA;[]
TYR;DFW;AA;[]
TYS;HFD;AA;[]
TYS;CAK;AA;[]
TYS;CLT;AA;[]
TYS;DAY;AA;[]
TYS;WAS;AA;[]
TYS;DFW;AA;[]
TYS;NYC;AA;[]
TYS;CHI;AA;[]
TYS;ORF;AA;[]
TYS;PHL;AA;[]
HAJ;LON;BA;[]
HAJ;PMI;HG;[]
LIM;ANF;LA;[]
LIM;AQP;LA;[]
LIM;AYP;LA;[]
LIM;BCN;LA;[]
LIM;BOG;LA;[]
LIM;CIX;LA;[]
LIM;CJA;LA;[]
LIM;COR;LA;[]
LIM;CTG;LA;[]
LIM;CUN;LA;[]
LIM;CUZ;LA;[]
LIM;DFW;AA;[]
LIM;BUE;LA;[]
LIM;RIO;LA;[]
LIM;SAO;-;[]
LIM;GYE;LA;[]
LIM;HAV;LA;[]
LIM;WAS;LA;[]
LIM;IGU;LA;[]
LIM;IQT;LA;[]
LIM;JAE;LA;[]
LIM;JAU;LA;[]
LIM;NYC;LA;[]
LIM;JUL;LA;[]
LIM;LAX;LA;[]
LIM;LON;BA;[]
LIM;LPB;LA;[]
LIM;MAD;-;[]
LIM;ORL;LA;[]
LIM;MDZ;LA;[]
LIM;MEX;LA;[]
LIM;MIA;-;[]
LIM;MVD;LA;[]
LIM;PCL;LA;[]
LIM;PEM;LA;[]
LIM;PIU;LA;[]
LIM;PUJ;LA;[]
LIM;ROS;LA;[]
LIM;SCL;LA;[]
LIM;SJO;LA;[]
LIM;SLA;LA;[]
LIM;TBP;LA;[]
LIM;TCQ;LA;[]
LIM;TPP;LA;[]
LIM;TRU;LA;[]
LIM;TUC;LA;[]
LIM;TYL;LA;[]
LIM;UIO;LA;[]
LIM;SRZ;LA;[]
PQQ;LDH;QF;[]
PQQ;SYD;QF;[]
HAK;HKG;KA;[]
HAK;KUL;MH;[]
HAN;BKK;QR;[]
HAN;DOH;QR;[]
HAN;HKG;KA;[]
HAN;KUL;MH;[]
HAN;TYO;JL;[]
LIR;BUF;AA;[]
LIR;CLT;AA;[]
LIR;DFW;AA;[]
LIR;MIA;AA;[]
ATH;AMM;RJ;[]
ATH;DOH;QR;[]
ATH;HEL;AY;[]
ATH;LON;BA;[]
ATH;MAD;IB;[]
ATH;PHL;AA;[]
ATH;SFO;AA;[]
HAM;ACE;HG;[]
HAM;AGP;HG;[]
HAM;DUS;AB;[]
HAM;FAO;HG;[]
HAM;FNC;HG;[]
HAM;FUE;HG;[]
HAM;HEL;AY;[]
HAM;HER;HG;[]
HAM;IBZ;HG;[]
HAM;INN;HG;[]
HAM;KGS;HG;[]
HAM;LON;BA;[]
HAM;LPA;HG;[]
HAM;MAD;IB;[]
HAM;MUC;AB;[]
HAM;PMI;HG;[]
HAM;TCI;HG;[]
JER;LON;BA;[]
LIT;CLT;AA;[]
LIT;DFW;AA;[]
LIT;HOU;AA;[]
LIT;WAS;AA;[]
LIT;CHI;AA;[]
LIS;BOS;AA;[]
LIS;HEL;AY;[]
LIS;LON;BA;[]
LIS;MAD;IB;[]
LIS;PHL;AA;[]
LIS;SDR;IB;[]
HAR;BOS;AA;[]
HAR;CLT;AA;[]
HAR;HAV;AA;[]
HAR;WAS;AA;[]
HAR;IND;AA;[]
HAR;JAX;AA;[]
HAR;CHI;AA;[]
HAR;PHL;AA;[]
ATL;ABE;AA;[]
ATL;ABQ;AA;[]
ATL;AVL;AA;[]
ATL;BOS;AA;[]
ATL;BUF;AA;[]
ATL;BWI;AA;[]
ATL;CHS;AA;[]
ATL;CLE;AA;[]
ATL;CLT;AA;[]
ATL;CMH;AA;[]
ATL;WAS;AA;[]
ATL;DEN;AA;[]
ATL;DFW;AA;[]
ATL;DOH;QR;[]
ATL;ROM;AA;[]
ATL;GSP;AA;[]
ATL;HOU;AA;[]
ATL;LAS;AA;[]
ATL;LAX;AA;[]
ATL;NYC;AA;[]
ATL;LON;BA;[]
ATL;MHT;AA;[]
ATL;MIA;AA;[]
ATL;MSY;AA;[]
ATL;OAK;AA;[]
ATL;ONT;AA;[]
ATL;CHI;AA;[]
ATL;ORF;AA;[]
ATL;PHL;AA;[]
ATL;PHX;AA;[]
ATL;PUJ;AA;[]
ATL;PVD;AA;[]
ATL;RDU;AA;[]
ATL;SAN;AA;[]
ATL;SJC;AA;[]
ATL;SJD;AA;[]
ATL;SLC;AA;[]
ATL;SNA;AA;[]
ATL;TLH;AA;[]
HAV;CLT;AA;[]
HAV;DUS;AB;[]
HAV;HEL;AY;[]
HAV;LIM;LA;[]
HAV;MAD;IB;[]
HAV;MIA;AA;[]
ATQ;DOH;QR;[]
ATW;CHI;AA;[]
PRG;DOH;QR;[]
PRG;HEL;AY;[]
PRG;LON;BA;[]
PRG;MAD;IB;[]
PRG;OVB;S7;[]
PRG;PHL;AA;[]
PRG;BER;AB;[]
HBA;BNE;QF;[]
HBA;MEL;QF;[]
HBA;SYD;QF;[]
RVN;HEL;AY;[]
AUA;BOG;LA;[]
AUA;CLT;AA;[]
AUA;MIA;AA;[]
AUA;PHL;AA;[]
AUH;AMM;RJ;[]
AUH;CMB;UL;[]
AUH;LON;BA;[]
AUH;BER;AB;[]
LJU;HEL;AY;[]
AUS;BWI;AA;[]
AUS;CLT;AA;[]
AUS;WAS;AA;[]
AUS;DFW;AA;[]
AUS;NYC;AA;[]
AUS;LAX;AA;[]
AUS;LON;BA;[]
AUS;ORL;AA;[]
AUS;MIA;AA;[]
AUS;OAK;AA;[]
AUS;ONT;AA;[]
AUS;CHI;AA;[]
AUS;ORF;AA;[]
AUS;PHL;AA;[]
AUS;PHX;AA;[]
AUS;PIT;AA;[]
AUS;SHA;AA;[]
AUS;PWM;AA;[]
AUS;RDU;AA;[]
AUS;RNO;AA;[]
AUS;ROC;AA;[]
AUS;SJC;AA;[]
AUS;TPA;AA;[]
PSA;MOW;S7;[]
PSA;DOH;QR;[]
PSA;HEL;AY;[]
PSA;LON;BA;[]
AUW;CHI;AA;[]
NOJ;OVB;S7;[]
PSP;DFW;AA;[]
PSP;GCN;AA;[]
PSP;FLL;AA;[]
PSP;CHI;AA;[]
PSP;PHX;AA;[]
PSP;TUS;AA;[]
PSP;YUM;AA;[]
YEA;PHX;AA;[]
NOU;BNE;QF;[]
NOU;SYD;QF;[]
AVL;CLT;AA;[]
CZM;CLT;AA;[]
CZM;DFW;AA;[]
CZM;MIA;AA;[]
CZM;CHI;AA;[]
NOZ;MOW;S7;[]
AVP;CLT;AA;[]
AVP;DTT;AA;[]
AVP;LIT;AA;[]
AVP;MYR;AA;[]
AVP;PHL;AA;[]
AVP;TYS;AA;[]
JHB;KUL;MH;[]
WAS;ALB;AA;[]
WAS;ATL;AA;[]
WAS;AUS;AA;[]
WAS;BDA;AA;[]
WAS;HFD;AA;[]
WAS;BGR;AA;[]
WAS;BHM;AA;[]
WAS;BNA;AA;[]
WAS;BOS;AA;[]
WAS;BTV;AA;[]
WAS;BUF;AA;[]
WAS;CAE;AA;[]
WAS;CAK;AA;[]
WAS;CHA;AA;[]
WAS;CHS;AA;[]
WAS;CLE;AA;[]
WAS;CLT;AA;[]
WAS;CMH;AA;[]
WAS;CRW;AA;[]
WAS;CVG;AA;[]
WAS;DAY;AA;[]
WAS;DFW;AA;[]
WAS;DSM;AA;[]
WAS;DTT;AA;[]
WAS;EYW;AA;[]
WAS;GCM;AA;[]
WAS;GRR;AA;[]
WAS;GSO;AA;[]
WAS;GSP;AA;[]
WAS;HPN;AA;[]
WAS;HSV;AA;[]
WAS;HOU;AA;[]
WAS;ILM;AA;[]
WAS;IND;AA;[]
WAS;JAN;AA;[]
WAS;JAX;AA;[]
WAS;NYC;AA;[]
WAS;LAN;AA;[]
WAS;LAS;AA;[]
WAS;LAX;AA;[]
WAS;LON;-;[]
WAS;MKC;AA;[]
WAS;ORL;AA;[]
WAS;MEM;AA;[]
WAS;MHT;AA;[]
WAS;MIA;AA;[]
WAS;MSP;AA;[]
WAS;MSY;AA;[]
WAS;MYR;AA;[]
WAS;NAS;AA;[]
WAS;CHI;AA;[]
WAS;ORF;AA;[]
WAS;PBI;AA;[]
WAS;PHL;AA;[]
WAS;PHX;AA;[]
WAS;PIT;AA;[]
WAS;PNS;AA;[]
WAS;PVD;AA;[]
WAS;PWM;AA;[]
WAS;RDU;AA;[]
WAS;RIC;AA;[]
WAS;RNO;AA;[]
WAS;ROC;AA;[]
WAS;FMY;AA;[]
WAS;SAV;AA;[]
WAS;SDF;AA;[]
WAS;SRQ;AA;[]
WAS;STL;AA;[]
WAS;SYR;AA;[]
WAS;TPA;AA;[]
WAS;TYS;AA;[]
WAS;VPS;AA;[]
WAS;FYV;AA;[]
WAS;YTO;AA;[]
WAS;DOH;QR;[]
WAS;LIM;LA;[]
WAW;DOH;QR;[]
WAW;HEL;AY;[]
WAW;LON;BA;[]
WAW;BER;AB;[]
PTP;MIA;AA;[]
HDN;DFW;AA;[]
HDN;CHI;AA;[]
PTY;MAD;IB;[]
PTY;MIA;AA;[]
JIB;DOH;QR;[]
PUJ;BCN;IB;[]
PUJ;BOS;AA;[]
PUJ;BSB;JJ;[]
PUJ;CLT;AA;[]
PUJ;DFW;AA;[]
PUJ;DUS;AB;[]
PUJ;NYC;AA;[]
PUJ;LON;BA;[]
PUJ;LIM;LA;[]
PUJ;MIA;-;[]
PUJ;CHI;AA;[]
PUJ;PHL;AA;[]
PUJ;SCL;LA;[]
NQN;BUE;LA;[]
NQN;SCL;LA;[]
PUQ;CCP;LA;[]
PUQ;MPN;LA;[]
PUQ;PMC;LA;[]
PUQ;RGL;LA;[]
PUQ;SCL;LA;[]
HEL;ACE;AY;[]
HEL;AGP;AY;[]
HEL;ALC;AY;[]
HEL;AMS;AY;[]
HEL;STO;AY;[]
HEL;ATH;AY;[]
HEL;AYT;AY;[]
HEL;BCN;AY;[]
HEL;BGO;AY;[]
HEL;BIQ;AY;[]
HEL;BKK;AY;[]
HEL;BLL;AY;[]
HEL;BRU;AY;[]
HEL;BUD;AY;[]
HEL;CAN;AY;[]
HEL;PAR;AY;[]
HEL;CFU;AY;[]
HEL;CHQ;AY;[]
HEL;CKG;AY;[]
HEL;CPH;AY;[]
HEL;CTA;AY;[]
HEL;DBV;AY;[]
HEL;DEL;AY;[]
HEL;DOH;QR;[]
HEL;DUB;AY;[]
HEL;DUS;AY;[]
HEL;DXB;AY;[]
HEL;EDI;AY;[]
HEL;ENF;AY;[]
HEL;ROM;AY;[]
HEL;FNC;AY;[]
HEL;FRA;AY;[]
HEL;FUE;AY;[]
HEL;FUK;AY;[]
HEL;GDN;AY;[]
HEL;GOI;AY;[]
HEL;GOT;AY;[]
HEL;GVA;AY;[]
HEL;GZP;AY;[]
HEL;HAM;AY;[]
HEL;HAV;AY;[]
HEL;HER;AY;[]
HEL;HKG;AY;[]
HEL;HKT;AY;[]
HEL;IBZ;AY;[]
HEL;SEL;AY;[]
HEL;INN;AY;[]
HEL;IVL;AY;[]
HEL;NYC;AY;[]
HEL;JOE;AY;[]
HEL;JSI;AY;[]
HEL;JTR;AY;[]
HEL;JYV;AY;[]
HEL;KAJ;AY;[]
HEL;KAO;AY;[]
HEL;KBV;AY;[]
HEL;REK;AY;[]
HEL;KEM;AY;[]
HEL;KGS;AY;[]
HEL;OSA;AY;[]
HEL;KOK;AY;[]
HEL;KRK;AY;[]
HEL;KTT;AY;[]
HEL;KUF;AY;[]
HEL;KUO;AY;[]
HEL;KZN;AY;[]
HEL;LED;AY;[]
HEL;LON;-;[]
HEL;LIS;AY;[]
HEL;LJU;AY;[]
HEL;LPA;AY;[]
HEL;MAD;AY;[]
HEL;MAH;AY;[]
HEL;MAN;AY;[]
HEL;MHQ;AY;[]
HEL;MIA;AY;[]
HEL;MLA;AY;[]
HEL;MUC;AY;[]
HEL;MIL;AY;[]
HEL;NAP;AY;[]
HEL;NCE;AY;[]
HEL;NGO;AY;[]
HEL;NKG;AY;[]
HEL;TYO;-;[]
HEL;CHI;AY;[]
HEL;OSL;AY;[]
HEL;OUL;AY;[]
HEL;BJS;AY;[]
HEL;PFO;AY;[]
HEL;PMI;AY;[]
HEL;POP;AY;[]
HEL;PRG;AY;[]
HEL;PSA;AY;[]
HEL;PUY;AY;[]
HEL;SHA;AY;[]
HEL;PVK;AY;[]
HEL;PVR;AY;[]
HEL;RHO;AY;[]
HEL;RIX;AY;[]
HEL;RMI;AY;[]
HEL;RVN;AY;[]
HEL;SFO;AY;[]
HEL;SGN;AY;[]
HEL;SIN;AY;[]
HEL;SPU;AY;[]
HEL;STR;AY;[]
HEL;MOW;AY;[]
HEL;SVX;AY;[]
HEL;SZG;AY;[]
HEL;TAY;AY;[]
HEL;TCI;AY;[]
HEL;TKU;AY;[]
HEL;TLL;AY;[]
HEL;TLV;AY;[]
HEL;TMP;AY;[]
HEL;BER;-;[]
HEL;UME;AY;[]
HEL;VAA;AY;[]
HEL;VAR;AY;[]
HEL;VBY;AY;[]
HEL;VCE;AY;[]
HEL;VDA;AY;[]
HEL;VIE;AY;[]
HEL;VNO;AY;[]
HEL;VRN;AY;[]
HEL;WAW;AY;[]
HEL;SIA;AY;[]
HEL;ZRH;AY;[]
HEL;ZTH;AY;[]
PUS;HKG;KA;[]
PUS;TYO;JL;[]
HER;EAP;HG;[]
HER;DUS;HG;[]
HER;HAM;HG;[]
HER;HEL;AY;[]
HER;LON;BA;[]
HER;MAD;IB;[]
HER;NUE;HG;[]
HER;SZG;HG;[]
HER;BER;HG;[]
HER;VIE;HG;[]
HER;ZRH;HG;[]
WCA;SCL;LA;[]
FAO;DUS;HG;[]
FAO;HAM;HG;[]
FAO;LON;BA;[]
FAO;MAD;IB;[]
FAO;MUC;HG;[]
FAO;BER;HG;[]
FAO;VIE;HG;[]
FAO;ZRH;HG;[]
PUY;MOW;S7;[]
PUY;HEL;AY;[]
PUY;LON;BA;[]
FAR;DFW;AA;[]
FAR;CHI;AA;[]
FAT;CMH;AA;[]
FAT;DFW;AA;[]
FAT;LAX;AA;[]
FAT;PHX;AA;[]
FAT;YUM;AA;[]
AXT;SPK;JL;[]
AXT;TYO;JL;[]
AXT;OSA;JL;[]
FAY;CLT;AA;[]
PVD;ATL;AA;[]
PVD;CLE;AA;[]
PVD;CLT;AA;[]
PVD;WAS;AA;[]
PVD;DEN;AA;[]
PVD;DFW;AA;[]
PVD;HOU;AA;[]
PVD;JAX;AA;[]
PVD;LAS;AA;[]
PVD;CHI;AA;[]
PVD;PHL;AA;[]
PVD;RDU;AA;[]
PVD;FMY;AA;[]
PVD;SAT;AA;[]
PVH;BSB;JJ;[]
PVH;SAO;JJ;[]
PVK;HEL;AY;[]
PVK;VIE;HG;[]
JJG;SAO;JJ;[]
HFD;ATL;AA;[]
HFD;BNA;AA;[]
HFD;BZE;AA;[]
HFD;CLT;AA;[]
HFD;WAS;AA;[]
HFD;DFW;AA;[]
HFD;DTT;AA;[]
HFD;HOU;AA;[]
HFD;ILM;AA;[]
HFD;JAX;AA;[]
HFD;LAX;AA;[]
HFD;MBJ;AA;[]
HFD;MIA;AA;[]
HFD;MSY;AA;[]
HFD;CHI;AA;[]
HFD;PBI;AA;[]
HFD;PHL;AA;[]
HFD;RDU;AA;[]
HFD;RIC;AA;[]
HFD;SAN;AA;[]
HFD;SAT;AA;[]
HFD;TPA;AA;[]
PVR;DFW;AA;[]
PVR;HEL;AY;[]
PVR;LAX;AA;[]
PVR;CHI;AA;[]
PVR;PHX;AA;[]
AYP;LIM;LA;[]
AYQ;ASP;QF;[]
AYQ;CNS;QF;[]
WDH;DOH;QR;[]
WDH;JNB;BA;[]
AYT;HEL;AY;[]
NSK;MOW;S7;[]
NSK;OVB;S7;[]
PWM;BNA;AA;[]
PWM;CHS;AA;[]
PWM;CLT;AA;[]
PWM;CMH;AA;[]
PWM;WAS;AA;[]
PWM;IND;AA;[]
PWM;MKC;AA;[]
PWM;PHL;AA;[]
PWM;SAT;AA;[]
HGH;DOH;QR;[]
HGH;HKG;KA;[]
LON;AGP;BA;[]
LON;AMS;BA;[]
LON;BLL;BA;[]
LON;CMF;BA;[]
LON;DUB;BA;[]
LON;DUS;BA;[]
LON;EDI;BA;[]
LON;EGC;BA;[]
LON;FAO;BA;[]
LON;FLR;BA;[]
LON;FRA;BA;[]
LON;GLA;BA;[]
LON;GRX;BA;[]
LON;GVA;BA;[]
LON;IBZ;BA;[]
LON;IOM;BA;[]
LON;NYC;-;[]
LON;JMK;BA;[]
LON;JSI;BA;[]
LON;JTR;BA;[]
LON;REK;BA;[]
LON;MIL;BA;[]
LON;MAH;BA;[]
LON;MAN;BA;[]
LON;NCE;BA;[]
LON;PAR;BA;[]
LON;PMI;BA;[]
LON;PRG;BA;[]
LON;RTM;BA;[]
LON;BER;BA;[]
LON;UIP;BA;[]
LON;VCE;BA;[]
LON;ZRH;BA;[]
LON;ACE;BA;[]
LON;ALC;BA;[]
LON;ALG;BA;[]
LON;ANU;BA;[]
LON;BCN;BA;[]
LON;BDA;BA;[]
LON;BGI;BA;[]
LON;BOD;BA;[]
LON;BRI;BA;[]
LON;CAG;BA;[]
LON;CPT;BA;[]
LON;CTA;BA;[]
LON;CUN;BA;[]
LON;DBV;BA;[]
LON;DLM;BA;[]
LON;ROM;BA;[]
LON;FDH;BA;[]
LON;FLL;BA;[]
LON;FNC;BA;[]
LON;FUE;BA;[]
LON;LYS;BA;[]
LON;GND;BA;[]
LON;GOA;BA;[]
LON;HER;BA;[]
LON;HKG;-;[]
LON;INN;BA;[]
LON;IVL;AY;[]
LON;JER;BA;[]
LON;KIN;BA;[]
LON;KTT;AY;[]
LON;LAS;BA;[]
LON;LCA;BA;[]
LON;LIG;BA;[]
LON;LIM;BA;[]
LON;MAD;-;[]
LON;ORL;-;[]
LON;MLA;BA;[]
LON;MLE;BA;[]
LON;MRU;BA;[]
LON;NAP;BA;[]
LON;NUE;BA;[]
LON;OAK;BA;[]
LON;OPO;BA;[]
LON;PFO;BA;[]
LON;PLS;BA;[]
LON;POS;BA;[]
LON;PSA;BA;[]
LON;PUJ;BA;[]
LON;RAK;BA;[]
LON;RHO;BA;[]
LON;SJO;BA;[]
LON;SKB;BA;[]
LON;SKG;BA;[]
LON;SVQ;BA;[]
LON;SZG;BA;[]
LON;TAB;BA;[]
LON;TCI;BA;[]
LON;TIA;BA;[]
LON;TPA;BA;[]
LON;TRN;BA;[]
LON;SLU;BA;[]
LON;VIE;BA;[]
LON;VLC;BA;[]
LON;VRN;BA;[]
LON;YTO;BA;[]
LON;ABV;BA;[]
LON;ABZ;BA;[]
LON;ACC;BA;[]
LON;AMM;-;[]
LON;STO;BA;[]
LON;ATH;BA;[]
LON;ATL;BA;[]
LON;AUH;BA;[]
LON;AUS;BA;[]
LON;BAH;BA;[]
LON;BDS;BA;[]
LON;BEY;BA;[]
LON;BGO;BA;[]
LON;BFS;BA;[]
LON;BIO;BA;[]
LON;BIQ;BA;[]
LON;BKK;BA;[]
LON;BLQ;BA;[]
LON;BLR;BA;[]
LON;BNA;BA;[]
LON;BOM;BA;[]
LON;BOS;BA;[]
LON;BRU;BA;[]
LON;EAP;BA;[]
LON;BUD;BA;[]
LON;BWI;BA;[]
LON;CAI;BA;[]
LON;CFU;BA;[]
LON;CHQ;BA;[]
LON;CLT;AA;[]
LON;CMB;UL;[]
LON;CPH;BA;[]
LON;DEL;BA;[]
LON;DEN;-;[]
LON;DFW;-;[]
LON;MOW;BA;[]
LON;DOH;-;[]
LON;DXB;-;[]
LON;BUE;BA;[]
LON;GCM;BA;[]
LON;GIB;BA;[]
LON;RIO;BA;[]
LON;GOT;BA;[]
LON;SAO;-;[]
LON;HAJ;BA;[]
LON;HAM;BA;[]
LON;HEL;-;[]
LON;TYO;-;[]
LON;HNL;AA;[]
LON;HYD;BA;[]
LON;WAS;BA;[]
LON;HOU;BA;[]
LON;SEL;BA;[]
LON;THR;BA;[]
LON;INV;BA;[]
LON;IST;BA;[]
LON;JED;BA;[]
LON;JNB;BA;[]
LON;IEV;BA;[]
LON;KGS;BA;[]
LON;KLX;BA;[]
LON;KRK;BA;[]
LON;KUL;-;[]
LON;KWI;BA;[]
LON;LAD;BA;[]
LON;LAX;-;[]
LON;LBA;BA;[]
LON;LED;BA;[]
LON;LIS;BA;[]
LON;LOS;BA;[]
LON;LPA;BA;[]
LON;LUX;BA;[]
LON;MAA;BA;[]
LON;MCT;BA;[]
LON;MEL;QF;[]
LON;MEX;BA;[]
LON;MIA;-;[]
LON;MJV;BA;[]
LON;MPL;BA;[]
LON;MRS;BA;[]
LON;MSY;-;[]
LON;MUC;BA;[]
LON;NAS;BA;[]
LON;NBO;BA;[]
LON;NCL;BA;[]
LON;NTE;BA;[]
LON;OLB;BA;[]
LON;CHI;-;[]
LON;OSL;BA;[]
LON;BUH;BA;[]
LON;OVD;BA;[]
LON;PDX;AA;[]
LON;BJS;BA;[]
LON;PER;QF;[]
LON;PHL;-;[]
LON;PHX;BA;[]
LON;PMO;BA;[]
LON;PUY;BA;[]
LON;SHA;BA;[]
LON;RDU;AA;[]
LON;RUH;BA;[]
LON;SAN;BA;[]
LON;SCL;BA;[]
LON;SEA;-;[]
LON;SEZ;BA;[]
LON;SFO;BA;[]
LON;SIN;-;[]
LON;SJC;BA;[]
LON;SOF;BA;[]
LON;SPU;BA;[]
LON;STL;AA;[]
LON;STR;BA;[]
LON;SVG;BA;[]
LON;SYD;-;[]
LON;TLL;BA;[]
LON;TLS;BA;[]
LON;TLV;BA;[]
LON;WAW;BA;[]
LON;YMQ;BA;[]
LON;YVR;BA;[]
LON;YYC;BA;[]
LON;ZAG;BA;[]
LON;ZTH;BA;[]
PWQ;MOW;S7;[]
PWQ;OVB;S7;[]
LOS;DOH;QR;[]
LOS;LON;BA;[]
JKT;CMB;UL;[]
JKT;DOH;QR;[]
JKT;HKG;CX;[]
JKT;KUL;MH;[]
JKT;TYO;JL;[]
JKT;SYD;QF;[]
AZO;CHI;AA;[]
WEI;CNS;QF;[]
LPA;ALC;IB;[]
LPA;CGN;HG;[]
LPA;DUS;HG;[]
LPA;HAM;HG;[]
LPA;HEL;AY;[]
LPA;LON;-;[]
LPA;MAD;IB;[]
LPA;MUC;HG;[]
LPA;NUE;HG;[]
LPA;OVD;IB;[]
LPA;SCQ;IB;[]
LPA;STR;HG;[]
LPA;SZG;HG;[]
LPA;BER;HG;[]
LPA;VGO;IB;[]
LPA;VIE;HG;[]
LPA;VLC;IB;[]
LPA;ZRH;HG;[]
NTE;LON;BA;[]
NTE;MAD;IB;[]
LPB;IQQ;LA;[]
LPB;LIM;LA;[]
LPB;MIA;AA;[]
LPB;SCL;LA;[]
UAQ;BUE;LA;[]
UAQ;MDZ;LA;[]
UAQ;SCL;LA;[]
LPK;MOW;S7;[]
NTL;BNE;QF;[]
FDF;MIA;AA;[]
HHH;CLT;AA;[]
FDH;LON;BA;[]
JLN;DFW;AA;[]
UBJ;TYO;JL;[]
NUE;CFU;HG;[]
NUE;DUS;AB;[]
NUE;FUE;HG;[]
NUE;HER;HG;[]
NUE;HRG;HG;[]
NUE;KGS;HG;[]
NUE;LON;BA;[]
NUE;LPA;HG;[]
NUE;MLA;HG;[]
NUE;PMI;HG;[]
NUE;RHO;HG;[]
NUE;RMF;HG;[]
NUE;SKG;HG;[]
NUE;TCI;HG;[]
NUE;BER;AB;[]
HID;CNS;QF;[]
DAB;CLT;AA;[]
DAB;WAS;AA;[]
DAD;HKG;KA;[]
DAC;CMB;UL;[]
DAC;DOH;QR;[]
DAC;HKG;KA;[]
DAC;KUL;MH;[]
HIJ;SPK;JL;[]
HIJ;TYO;JL;[]
FEG;OVB;S7;[]
JMK;LON;BA;[]
JMK;MAN;BA;[]
NUX;MOW;S7;[]
NUX;OVB;S7;[]
WGA;SYD;QF;[]
DAR;DOH;QR;[]
DAY;CLT;AA;[]
DAY;WAS;AA;[]
DAY;DFW;AA;[]
DAY;NYC;AA;[]
DAY;CHI;AA;[]
DAY;PHL;AA;[]
LRE;BNE;QF;[]
JNB;CPT;BA;[]
JNB;DOH;QR;[]
JNB;DUR;BA;[]
JNB;SAO;JJ;[]
JNB;HKG;CX;[]
JNB;HRE;BA;[]
JNB;LON;BA;[]
JNB;LVI;BA;[]
JNB;MAD;IB;[]
JNB;MRU;BA;[]
JNB;PLZ;BA;[]
JNB;SYD;QF;[]
JNB;VFA;BA;[]
JNB;WDH;BA;[]
LRD;DFW;AA;[]
YKS;MOW;S7;[]
YKS;OVB;S7;[]
NVT;SAO;JJ;[]
NVT;SSA;JJ;[]
DBO;SYD;QF;[]
DBQ;CHI;AA;[]
DBV;MOW;S7;[]
DBV;HEL;AY;[]
DBV;LON;BA;[]
DBV;MAD;IB;[]
DBV;BER;HG;[]
UDI;BSB;JJ;[]
UDI;SAO;JJ;[]
UDI;NVT;JJ;[]
LSC;ANF;LA;[]
LSC;CJC;LA;[]
LSC;SCL;LA;[]
LSE;CHI;AA;[]
HKD;TYO;JL;[]
HKD;OSA;JL;[]
HKD;OIR;JL;[]
HKD;SPK;JL;[]
JOE;HEL;AY;[]
HKG;ADL;CX;[]
HKG;AKL;CX;[]
HKG;AMM;RJ;[]
HKG;AMS;CX;[]
HKG;BAH;CX;[]
HKG;BCN;CX;[]
HKG;BKI;KA;[]
HKG;BKK;-;[]
HKG;BLR;KA;[]
HKG;BNE;-;[]
HKG;BOM;CX;[]
HKG;BOS;CX;[]
HKG;BRU;CX;[]
HKG;CAN;KA;[]
HKG;CCU;KA;[]
HKG;PAR;CX;[]
HKG;CEB;CX;[]
HKG;JKT;CX;[]
HKG;CGO;KA;[]
HKG;CHC;CX;[]
HKG;CJU;KA;[]
HKG;CKG;KA;[]
HKG;CMB;-;[]
HKG;CNS;CX;[]
HKG;CNX;KA;[]
HKG;CPH;CX;[]
HKG;CRK;KA;[]
HKG;CSX;KA;[]
HKG;SPK;CX;[]
HKG;CTU;KA;[]
HKG;DAC;KA;[]
HKG;DAD;KA;[]
HKG;DEL;CX;[]
HKG;DFW;AA;[]
HKG;DOH;QR;[]
HKG;DPS;-;[]
HKG;DUB;CX;[]
HKG;DUS;CX;[]
HKG;DXB;CX;[]
HKG;NYC;-;[]
HKG;ROM;CX;[]
HKG;FOC;KA;[]
HKG;FRA;CX;[]
HKG;FUK;-;[]
HKG;HAK;KA;[]
HKG;HAN;KA;[]
HKG;HEL;AY;[]
HKG;HGH;KA;[]
HKG;HKT;KA;[]
HKG;TYO;-;[]
HKG;HYD;CX;[]
HKG;SEL;CX;[]
HKG;IKT;S7;[]
HKG;JNB;CX;[]
HKG;KHH;KA;[]
HKG;OSA;CX;[]
HKG;KMG;KA;[]
HKG;KTM;KA;[]
HKG;KUL;-;[]
HKG;KWL;KA;[]
HKG;LAS;AA;[]
HKG;LAX;-;[]
HKG;LON;-;[]
HKG;MAA;CX;[]
HKG;MAD;CX;[]
HKG;MAN;CX;[]
HKG;MEL;-;[]
HKG;MLE;CX;[]
HKG;MNL;CX;[]
HKG;MIL;CX;[]
HKG;NGB;KA;[]
HKG;NGO;CX;[]
HKG;NKG;KA;[]
HKG;OKA;KA;[]
HKG;CHI;CX;[]
HKG;OVB;S7;[]
HKG;BJS;-;[]
HKG;PEN;KA;[]
HKG;PER;CX;[]
HKG;PNH;KA;[]
HKG;PUS;KA;[]
HKG;SHA;-;[]
HKG;REP;KA;[]
HKG;RGN;KA;[]
HKG;RMQ;KA;[]
HKG;SFO;CX;[]
HKG;SGN;CX;[]
HKG;SIN;CX;[]
HKG;SUB;CX;[]
HKG;SYD;-;[]
HKG;SYX;KA;[]
HKG;TAO;KA;[]
HKG;TLV;CX;[]
HKG;TPE;-;[]
HKG;VVO;S7;[]
HKG;WNZ;KA;[]
HKG;WUH;KA;[]
HKG;SIA;KA;[]
HKG;XMN;KA;[]
HKG;YVR;CX;[]
HKG;YTO;CX;[]
HKG;ZRH;CX;[]
JOI;SAO;JJ;[]
JOI;RIO;JJ;[]
JOI;VIX;JJ;[]
JOK;LCA;S7;[]
JOK;OHH;S7;[]
JOK;OVB;S7;[]
LST;MEL;QF;[]
HKT;DOH;QR;[]
HKT;HEL;AY;[]
HKT;HKG;KA;[]
HKT;KUL;MH;[]
SAC;CLT;AA;[]
SAC;DFW;AA;[]
SAC;NYC;AA;[]
SAC;LAX;AA;[]
SAC;MKC;AA;[]
SAC;ORL;AA;[]
SAC;MSP;AA;[]
SAC;OMA;AA;[]
SAC;CHI;AA;[]
SAC;PBI;AA;[]
SAC;PHL;AA;[]
SAC;PHX;AA;[]
SAC;FMY;AA;[]
SAC;SAT;AA;[]
SAF;DFW;AA;[]
SAF;PHX;AA;[]
JPA;BSB;JJ;[]
JPA;BHZ;JJ;[]
JPA;RIO;JJ;[]
JPA;SAO;JJ;[]
YMQ;AMM;RJ;[]
YMQ;CLT;AA;[]
YMQ;CMH;AA;[]
YMQ;DFW;AA;[]
YMQ;DOH;QR;[]
YMQ;NYC;AA;[]
YMQ;LON;BA;[]
YMQ;MIA;AA;[]
YMQ;CHI;AA;[]
YMQ;PHL;AA;[]
UEO;OKA;NU;[]
SAL;DFW;AA;[]
SAL;MAD;IB;[]
SAL;MIA;AA;[]
SAO;AJU;JJ;[]
SAO;BPS;JJ;[]
SAO;BSB;JJ;[]
SAO;CGB;JJ;[]
SAO;CGR;JJ;[]
SAO;BHZ;JJ;[]
SAO;CWB;JJ;[]
SAO;FLN;JJ;[]
SAO;RIO;JJ;[]
SAO;GYN;JJ;[]
SAO;IGU;JJ;[]
SAO;IOS;JJ;[]
SAO;JJG;JJ;[]
SAO;JOI;JJ;[]
SAO;JPA;JJ;[]
SAO;JTC;JJ;[]
SAO;LDB;JJ;[]
SAO;MCZ;JJ;[]
SAO;NVT;JJ;[]
SAO;PMW;JJ;[]
SAO;POA;JJ;[]
SAO;RAO;JJ;[]
SAO;REC;JJ;[]
SAO;SJP;JJ;[]
SAO;SSA;JJ;[]
SAO;UDI;JJ;[]
SAO;VIX;JJ;[]
SAO;BUE;-;[]
SAO;BCN;JJ;[]
SAO;BEL;JJ;[]
SAO;BOG;JJ;[]
SAO;BVB;JJ;[]
SAO;PAR;JJ;[]
SAO;COR;JJ;[]
SAO;DFW;AA;[]
SAO;DOH;QR;[]
SAO;FOR;JJ;[]
SAO;FRA;JJ;[]
SAO;IMP;JJ;[]
SAO;NYC;-;[]
SAO;JNB;JJ;[]
SAO;LAX;AA;[]
SAO;LON;-;[]
SAO;LIM;-;[]
SAO;MAD;-;[]
SAO;MAO;JJ;[]
SAO;ORL;JJ;[]
SAO;MEX;JJ;[]
SAO;MIA;-;[]
SAO;MVD;JJ;[]
SAO;MIL;JJ;[]
SAO;NAT;JJ;[]
SAO;CHI;AA;[]
SAO;PDP;JJ;[]
SAO;PVH;JJ;[]
SAO;ROS;JJ;[]
SAO;SCL;-;[]
SAO;SLZ;JJ;[]
SAO;THE;JJ;[]
SAN;BOS;AA;[]
SAN;PAR;AA;[]
SAN;CLT;AA;[]
SAN;WAS;AA;[]
SAN;DEN;AA;[]
SAN;DFW;AA;[]
SAN;NYC;AA;[]
SAN;LAX;AA;[]
SAN;LON;BA;[]
SAN;MAD;AA;[]
SAN;ORL;AA;[]
SAN;MIA;AA;[]
SAN;TYO;JL;[]
SAN;CHI;AA;[]
SAN;PHL;AA;[]
SAN;PHX;AA;[]
SAN;PIT;AA;[]
SAN;SAT;AA;[]
SAN;SJD;AA;[]
SAP;MIA;AA;[]
SAT;HFD;AA;[]
SAT;BNA;AA;[]
SAT;BOS;AA;[]
SAT;CHS;AA;[]
SAT;CLT;AA;[]
SAT;WAS;AA;[]
SAT;DFW;AA;[]
SAT;DTT;AA;[]
SAT;NYC;AA;[]
SAT;FLL;AA;[]
SAT;IND;AA;[]
SAT;LAX;AA;[]
SAT;MIA;AA;[]
SAT;ONT;AA;[]
SAT;CHI;AA;[]
SAT;PHX;AA;[]
SAT;PIT;AA;[]
SAT;PLS;AA;[]
SAT;SJC;AA;[]
SAT;SLC;AA;[]
SAV;ATL;AA;[]
SAV;CLT;AA;[]
SAV;WAS;AA;[]
SAV;DFW;AA;[]
SAV;NYC;AA;[]
SAV;PHL;AA;[]
UFA;MOW;S7;[]
UFA;OVB;S7;[]
SBA;DFW;AA;[]
SBA;MSY;AA;[]
SBA;PHX;AA;[]
NYC;CHS;AA;[]
NYC;CLT;AA;[]
NYC;CUN;AA;[]
NYC;DEN;AA;[]
NYC;DFW;AA;[]
NYC;FLL;AA;[]
NYC;HKG;-;[]
NYC;HOU;AA;[]
NYC;JAX;AA;[]
NYC;LAS;AA;[]
NYC;LON;-;[]
NYC;ORL;AA;[]
NYC;MIA;AA;[]
NYC;MSP;AA;[]
NYC;MSY;AA;[]
NYC;CHI;AA;[]
NYC;PAR;-;[]
NYC;PBI;AA;[]
NYC;PDX;AA;[]
NYC;PHX;AA;[]
NYC;RDU;AA;[]
NYC;FMY;AA;[]
NYC;SLC;AA;[]
NYC;SAC;AA;[]
NYC;SNA;AA;[]
NYC;TPA;AA;[]
NYC;AMM;RJ;[]
NYC;ANU;AA;[]
NYC;AUS;AA;[]
NYC;BCN;AA;[]
NYC;BDA;AA;[]
NYC;BNA;AA;[]
NYC;BOS;AA;[]
NYC;BWI;AA;[]
NYC;CLE;AA;[]
NYC;CMH;AA;[]
NYC;CVG;AA;[]
NYC;WAS;AA;[]
NYC;DOH;QR;[]
NYC;DUB;AA;[]
NYC;DUS;AB;[]
NYC;EDI;AA;[]
NYC;EGE;AA;[]
NYC;BUE;AA;[]
NYC;ROM;AA;[]
NYC;RIO;AA;[]
NYC;SAO;-;[]
NYC;GYE;XL;[]
NYC;HEL;AY;[]
NYC;TYO;JL;[]
NYC;IND;AA;[]
NYC;LAX;AA;[]
NYC;LIM;LA;[]
NYC;MAD;-;[]
NYC;MAN;AA;[]
NYC;MIL;AA;[]
NYC;ONT;AA;[]
NYC;ORF;AA;[]
NYC;PAP;AA;[]
NYC;PIT;AA;[]
NYC;PUJ;AA;[]
NYC;SAN;AA;[]
NYC;SCL;LA;[]
NYC;SDF;AA;[]
NYC;SEA;AA;[]
NYC;SFO;AA;[]
NYC;SKB;AA;[]
NYC;STT;AA;[]
NYC;SXM;AA;[]
NYC;SYD;QF;[]
NYC;BER;AB;[]
NYC;UIO;AA;[]
NYC;YMQ;AA;[]
NYC;YVR;CX;[]
NYC;YTO;AA;[]
NYC;ZRH;AA;[]
NYC;ATL;AA;[]
NYC;BGR;AA;[]
NYC;CAK;AA;[]
NYC;CHO;AA;[]
NYC;DAY;AA;[]
NYC;DTT;AA;[]
NYC;GSO;AA;[]
NYC;ILM;AA;[]
NYC;MKC;AA;[]
NYC;MEM;AA;[]
NYC;BJS;AA;[]
NYC;PHL;AA;[]
NYC;PLS;AA;[]
NYC;SHA;AA;[]
NYC;RIC;AA;[]
NYC;ROA;AA;[]
NYC;STL;AA;[]
NYC;FYV;AA;[]
SBP;PHX;AA;[]
LUL;DFW;AA;[]
LUL;MEI;AA;[]
LUL;CHI;AA;[]
NYM;MOW;S7;[]
BAH;CMB;UL;[]
BAH;DXB;CX;[]
BAH;HKG;CX;[]
BAH;LON;BA;[]
SBW;KUL;MH;[]
DEL;CMB;UL;[]
DEL;DOH;QR;[]
DEL;HEL;AY;[]
DEL;HKG;CX;[]
DEL;KUL;MH;[]
DEL;LON;BA;[]
DEL;TYO;JL;[]
HMO;PHX;AA;[]
SBY;CLT;AA;[]
SBY;PHL;AA;[]
BAK;MOW;S7;[]
BAK;DOH;QR;[]
BAK;OVB;S7;[]
BAK;TBS;QR;[]
DEN;HFD;AA;[]
DEN;BOS;AA;[]
DEN;BWI;AA;[]
DEN;CLT;AA;[]
DEN;DFW;AA;[]
DEN;NYC;AA;[]
DEN;FLL;AA;[]
DEN;LAS;AA;[]
DEN;LAX;AA;[]
DEN;LON;-;[]
DEN;MIA;AA;[]
DEN;MSP;AA;[]
DEN;OAK;AA;[]
DEN;CHI;AA;[]
DEN;PBI;AA;[]
DEN;PDX;AA;[]
DEN;PHL;AA;[]
DEN;PHX;AA;[]
DEN;PVD;AA;[]
DEN;SDQ;AA;[]
DEN;SEA;AA;[]
DEN;SFO;AA;[]
DEN;SJU;AA;[]
DEN;SYR;AA;[]
LUX;LON;BA;[]
UGC;MOW;S7;[]
BAQ;BOG;LA;[]
BAQ;MDE;LA;[]
BAQ;MIA;AA;[]
SCE;PHL;AA;[]
BAX;MOW;S7;[]
HNA;SPK;JL;[]
HNA;FUK;JL;[]
HNA;OSA;JL;[]
SCL;BUE;LA;[]
SCL;AKL;LA;[]
SCL;ANF;LA;[]
SCL;ARI;LA;[]
SCL;BBA;LA;[]
SCL;BOG;LA;[]
SCL;BRC;LA;[]
SCL;CCP;LA;[]
SCL;CJC;LA;[]
SCL;COR;LA;[]
SCL;CPO;LA;[]
SCL;CUN;LA;[]
SCL;DFW;AA;[]
SCL;FLN;LA;[]
SCL;FRA;LA;[]
SCL;RIO;JJ;[]
SCL;SAO;-;[]
SCL;GYE;LA;[]
SCL;IPC;LA;[]
SCL;IQQ;LA;[]
SCL;NYC;LA;[]
SCL;LAX;LA;[]
SCL;LON;BA;[]
SCL;LIM;LA;[]
SCL;LPB;LA;[]
SCL;LSC;LA;[]
SCL;MAD;-;[]
SCL;ORL;LA;[]
SCL;MDZ;LA;[]
SCL;MEL;LA;[]
SCL;MEX;LA;[]
SCL;WCA;LA;[]
SCL;MIA;-;[]
SCL;MPN;LA;[]
SCL;MVD;LA;[]
SCL;NQN;LA;[]
SCL;PDP;LA;[]
SCL;PMC;LA;[]
SCL;PNT;LA;[]
SCL;PPT;LA;[]
SCL;PUJ;LA;[]
SCL;PUQ;LA;[]
SCL;RGL;LA;[]
SCL;ROS;-;[]
SCL;SLA;LA;[]
SCL;SYD;-;[]
SCL;TUC;LA;[]
SCL;UAQ;LA;[]
SCL;SRZ;LA;[]
SCL;ZAL;LA;[]
SCL;ZCO;LA;[]
SCL;ZOS;LA;[]
LVI;JNB;BA;[]
SCN;PMI;HG;[]
SCN;BER;AB;[]
